,,,unique_id,,org_cat,,,,,lang,region,sous-region,city,,,,province,country,timestamp_creation
,,,Btq7pcacWwpVPnSCnd90,,consumer,,,,,fr,Lanaudière,Les Moulins,Terrebonne,,,,Quebec,Canada,2021-07-05
,,,cGQkbhs4f8oJ0BlF9HDI,,consumer,,,,,fr,Lanaudière,Matawinie,Rawdon,,,,Quebec,Canada,2021-07-05
,,,85AhnUwKDuRZcDYplstD,,consumer,,,,,fr,Lanaudière,D'Autray,St Norbert,,,,Quebec,Canada,2021-08-16
,,,tBLwe5GRwP1ZOC7QhOi2,,consumer,,,,,fr,Lanaudière,Montcalm,Saint-Calixte,,,,Quebec,Canada,2021-09-01
,,,gsgrX4eyZG61JRfSKQVm,,consumer,,,,,fr,Estrie,Brome-Missisquoi,Stanbridge East,,,,Quebec,Canada,2021-09-08
,,,TnYtwiyPzbzsQvjC18h0,,consumer,,,,,fr,Laval,Laval,LAVAL,,,,Quebec,Canada,2021-09-10
,,,zmH6XeYKzFFxySYVdddJ,,consumer,,,,,fr,Montréal,Le Plateau-Mont-Royal,Montréal,,,,Quebec,Canada,2021-09-15
,,,cNmC0Q19eqUwCqYq4wAJ,,consumer,,,,,fr,Montréal,Ahuntsic-Cartierville,Montréal,,,,Quebec,Canada,2021-09-17
,,,tQT4jetU02n311qZFndE,,consumer,,,,,fr,Lanaudière,Joliette,Sainte-Mélanie,,,,Quebec,Canada,2021-09-20
,,,oIQnkE41BQj7ZxWaRLW5,,consumer,,,,,fr,Montérégie,Roussillon,Mercier,,,,Quebec,Canada,2021-09-21
,,,Zn5c3nb7BJB1t2C6OLbf,,consumer,,,,,fr,Laval,Laval,Laval,,,,Quebec,Canada,2021-09-22
,,,4VOye2785sdZinF9iriK,,consumer,,,,,fr,Montérégie,Longueuil,Longueuil,,,,Quebec,Canada,2021-09-27
,,,LDeqe2qTxrF6oqR2IXbW,,consumer,,,,,en,,,Us,,,,Alberta,Canada,2021-09-27
,,,E7gJhoLxRcFPMZjeG91A,,consumer,,,,,fr,Laurentides,Deux-Montagnes,Sainte-Marthe-sur-le-lac,,,,Quebec,Canada,2021-09-28
,,,cJIVILx43qM1usvM6Wr4,,consumer,,,,,fr,Capitale-Nationale,Portneuf,Donnacona,,,,Quebec,Canada,2021-09-28
,,,6YusFtGdGvlQtvEnSZUm,,consumer,,,,,fr,Montréal,Le Plateau-Mont-Royal,Montréal,,,,Quebec,Canada,2021-09-30
,,,mSr8Hx4NOU1V1ecsKtn1,,consumer,,,,,fr,Montérégie,Pierre-De Saurel,Sorel-Tracy,,,,Quebec,Canada,2021-09-30
,,,gxXXeAFk4sMGPQHuaLtk,,consumer,,,,,fr,Montérégie,Le Haut-Richelieu,Saint-Jean-sur-Richelieu,,,,Quebec,Canada,2021-10-19
,,,pxTOfwtt0hIlPqf7WaXb,,consumer,,,,,fr,Lanaudière,Matawinie,Chertsey,,,,Quebec,Canada,2021-10-25
,,,wadYby1jgC97L77tD642,,consumer,,,,,fr,Capitale-Nationale,Charlevoix-Est,Clermont,,,,Quebec,Canada,2021-10-25
,,,WJN26Fdz8aHnMtRNOylP,,consumer,,,,,fr,Montérégie,Longueuil,St-Hubert,,,,Quebec,Canada,2021-10-26
,,,YpVvj4Fh46itWOPF08IB,,consumer,,,,,fr,Laval,Laval,Laval,,,,Quebec,Canada,2021-10-26
,,,gwxAewyYE9DIbhoPXO4z,,consumer,,,,,fr,Capitale-Nationale,Québec,québec,,,,Quebec,Canada,2021-11-02
,,,HADNfvXWysEckSPYsfMb,,consumer,,,,,fr,Chaudière-Appalaches,Lévis,Lévis,,,,Quebec,Canada,2021-11-06
,,,Qutfa5Dhs6HNGxOljPUH,,consumer,,,,,fr,Montréal,Le Plateau-Mont-Royal,Montréal,,,,Quebec,Canada,2021-11-09
,,,3ZqWEJlqzwoQMNkegHdL,,consumer,,,,,fr,Montréal,Villeray - Saint-Michel - Parc-Extension,montreal,,,,Quebec,Canada,2021-11-12
,,,06or2apNVzcngmYpttbr,,consumer,,,,,fr,Capitale-Nationale,Québec,Québec,,,,Quebec,Canada,2021-11-23
,,,FSN9nW5t31pKxOoTY9wc,,consumer,,,,,fr,Montréal,Villeray - Saint-Michel - Parc-Extension,Montreal,,,,Quebec,Canada,2021-11-25
,,,JZY3XLdmqtptECmdaXUD,,consumer,,,,,fr,Bas-Saint-Laurent,Kamouraska,La Pocatière,,,,Quebec,Canada,2021-12-10
,,,tIPTJv1AQemiMoP0IdZm,,consumer,,,,,fr,Montréal,Le Plateau-Mont-Royal,Montreal,,,,Quebec,Canada,2022-01-28
,,,ufV2yhZdTij72fVu5ZhX,,consumer,,,,,fr,Montréal,Rosemont - La Petite-Patrie,Montréal,,,,Quebec,Canada,2022-02-01
,,,xYIgZR1JftBWp0lp2nO2,,consumer,,,,,fr,Montréal,Ahuntsic-Cartierville,Montreal,,,,Quebec,Canada,2022-02-07
,,,LCCi58sWwXAZBdI8ls5N,,consumer,,,,,en,Montréal,Dorval,Dorval,,,,Quebec,Canada,2022-02-17
,,,mPN1kRXfZeMJcq9y0gOQ,,consumer,,,,,en,Montréal,Le Sud-Ouest,Montreal,,,,Quebec,Canada,2022-02-17
,,,0e6vkeQsASmTiECWs6Ta,,consumer,,,,,fr,Montérégie,Longueuil,Saint-Hubert,,,,Quebec,Canada,2022-02-22
,,,9L5KFFMPw6gjKULHqqxk,,consumer,,,,,fr,Montréal,Outremont,Montréal,,,,Quebec,Canada,2022-02-22
,,,qKpoh55vrtLPbk0Ux71c,,consumer,,,,,fr,Laurentides,Les Laurentides,val-morin,,,,Quebec,Canada,2022-03-15
,,,ZZ1PrTAdRwaZ2kFtS3EL,,consumer,,,,,fr,Montérégie,Longueuil,Brossard,,,,Quebec,Canada,2022-03-16
,,,G0Tz1oigow6Gum4eS79w,,consumer,,,,,fr,Montérégie,Longueuil,Brossard,,,,Quebec,Canada,2022-03-22
,,,fReN7gpY2cqEBInYbbil,,consumer,,,,,fr,Lanaudière,Les Moulins,Terrebonne,,,,Quebec,Canada,2022-03-22
,,,BdqJj48vZxk45PrXyPoI,,consumer,,,,,fr,Laurentides,Argenteuil,Brownsburg-Chatham,,,,Quebec,Canada,2022-04-24
,,,2GRZyT3xEaqBP4yRe4X7,,consumer,,,,,en,Montréal,Ville-Marie,Montreal,,,,Quebec,Canada,2022-04-26
,,,DdCumyx81ilLByGwOoPo,,consumer,,,,,fr,Montréal,Rosemont - La Petite-Patrie,Montréal,,,,Quebec,Canada,2022-05-16
,,,o4S7PZ5dIZ1vDh5Oqgks,,consumer,,,,,fr,Montérégie,Marguerite-D'Youville,Varennes,,,,Quebec,Canada,2022-05-25
,,,KtwqnCyysMaYWPr5nD4L,,consumer,,,,,en,Montérégie,Longueuil,St-Hubert,,,,Quebec,Canada,2022-05-27
,,,zK3xfH6I4pdNtzLbVxcx,,consumer,,,,,fr,Estrie,Brome-Missisquoi,Bromont,,,,Quebec,Canada,2022-05-27
,,,TUB4of4Ps8snc0kPEUov,,consumer,,,,,fr,Estrie,Brome-Missisquoi,Lac Brome,,,,Quebec,Canada,2022-05-28
,,,uE7BOuqNeWcLUH7GpfPl,,consumer,,,,,fr,Montréal,Pierrefonds - Roxboro,"Pierrefonds, Montreal",,,,Quebec,Canada,2022-05-29
,,,Z0NSXkg2TIigb2mDSDdD,,consumer,,,,,fr,Montréal,Ville-Marie,montreal,,,,Quebec,Canada,2022-05-31
,,,fMmUgXOwLgSXzpayg83k,,consumer,,,,,en,Montréal,Le Sud-Ouest,Montreal,,,,Quebec,Canada,2022-05-31
,,,08QBoCgLQir5J0nWCQrR,,consumer,,,,,fr,Laurentides,Les Laurentides,saint-agathe des monts,,,,Quebec,Canada,2022-06-01
,,,oWyuoGjRCHyGxd00XWTg,,consumer,,,,,fr,Laurentides,,Nominingue,,,,Quebec,Canada,2022-06-06
,,,H0xn7HhL7tarmjMeQWS1,,consumer,,,,,fr,Estrie,Brome-Missisquoi,Frelighsburg,,,,Quebec,Canada,2022-06-14
,,,AflaPpeWt8YWGrg6eJmj,,consumer,,,,,fr,Montréal,Le Plateau-Mont-Royal,Montréal,,,,Quebec,Canada,2022-06-15
,,,EYfMLzIMylhNeqY820Sq,,consumer,,,,,fr,Montréal,LaSalle,LaSalle,,,,Quebec,Canada,2022-06-15
,,,hbLe08yTv9lUyvPZNQIQ,,consumer,,,,,fr,Saguenay--Lac-Saint-Jean,Saguenay,Saguenay,,,,Quebec,Canada,2022-06-17
,,,dzNBhUAAXbFuIyum9p2C,,consumer,,,,,en,Montréal,Westmount,Westmount,,,,Quebec,Canada,2022-06-26
,,,oZxRi3NigTMVNvJ3usUN,,consumer,,,,,fr,Estrie,Memphrémagog,Eastman,,,,Quebec,Canada,2022-07-07
,,,1bU8ipEcRpYbejlSFHxl,,consumer,,,,,fr,Saguenay--Lac-Saint-Jean,Saguenay,saguenay,,,,Quebec,Canada,2022-07-11
,,,GuSgsqZ1hEhTOd8Oskmt,,consumer,,,,,fr,Capitale-Nationale,Québec,quebec,,,,Quebec,Canada,2022-07-11
,,,dfQBAElcwWUrmtndqnk4,,consumer,,,,,fr,Montérégie,Longueuil,Boucherville,,,,Quebec,Canada,2022-07-13
,,,zgh82Dkx6dZGQrqJOlvd,,consumer,,,,,fr,Chaudière-Appalaches,Les Appalaches,leeds,,,,Quebec,Canada,2022-07-16
,,,SuBxOPd5aTlDUYAO3OsD,,consumer,,,,,en,Montréal,Le Sud-Ouest,Lasalle,,,,Quebec,Canada,2022-07-26
,,,yjacTfCWzZoHzGZLkXmP,,consumer,,,,,fr,Montréal,Rosemont - La Petite-Patrie,Montréal,,,,Quebec,Canada,2022-08-01
,,,3zvlTpwJP0mcmwrS3MmI,,consumer,,,,,fr,Centre-du-Québec,Drummond,Drummondville,,,,Quebec,Canada,2022-08-08
,,,L9P0NzxYg9aimDwGk376,,consumer,,,,,fr,Saguenay--Lac-Saint-Jean,Saguenay,Jonquiere,,,,Quebec,Canada,2022-08-09
,,,69soiKtrq28LPnTBoGPb,,consumer,,,,,fr,Montréal,Outremont,Montréal,,,,Quebec,Canada,2022-08-11
,,,9IA6ugoi3UON3JsEPhBP,,consumer,,,,,fr,Montréal,Le Sud-Ouest,Montreal,,,,Quebec,Canada,2022-08-12
,,,MiUDSiR25v2eupzyNrXM,,consumer,,,,,en,Montréal,Côte-des-Neiges - Notre-Dame-de-Grâce,Montreal,,,,Quebec,Canada,2022-08-16
,,,P4EIejBhe26cA7xCvh71,,consumer,,,,,fr,Montréal,Le Plateau-Mont-Royal,Montréal,,,,Quebec,Canada,2022-08-16
,,,QpBLmzuvXuiv2S9u7czE,,consumer,,,,,fr,Saguenay--Lac-Saint-Jean,Saguenay,LaBaie,,,,Quebec,Canada,2022-08-17
,,,rIBOMqIywTsxXY71YYxa,,consumer,,,,,fr,Montréal,Mercier - Hochelaga-Maisonneuve,Montreal,,,,Quebec,Canada,2022-08-17
,,,bjz0rLO4gsdwTyL5RSv3,,consumer,,,,,fr,Estrie,Brome-Missisquoi,Dunham,,,,Quebec,Canada,2022-08-21
,,,IY5iNXwx9Ge6VvKKPzUr,,consumer,,,,,fr,Montérégie,Marguerite-D'Youville,Varennes,,,,Quebec,Canada,2022-08-22
,,,RrlRDE9Qv9U959FxTDF6,,consumer,,,,,fr,Estrie,Brome-Missisquoi,Frelighsburg,,,,Quebec,Canada,2022-08-22
,,,afATU6lAvdgNUcBTUuRC,,consumer,,,,,fr,Saguenay--Lac-Saint-Jean,Saguenay,Chicoutimi,,,,Quebec,Canada,2022-08-24
,,,TqtusYGPrC8zmRraHpCj,,consumer,,,,,en,Montréal,Côte-des-Neiges - Notre-Dame-de-Grâce,Montreal,,,,Quebec,Canada,2022-09-01
,,,WL2dqyC7LtE6DTXCGmKz,,consumer,,,,,fr,Laurentides,La Rivière-du-Nord,Prévost,,,,Quebec,Canada,2022-09-01
,,,llAAcB2YqhXUGABX1HJm,,consumer,,,,,fr,Montérégie,Le Haut-Richelieu,Saint-Jean-sur-Richelieu,,,,Quebec,Canada,2022-09-05
,,,5Q5RrbmyGqI2LVEbHujK,,consumer,,,,,fr,Estrie,Brome-Missisquoi,Knowlton,,,,Quebec,Canada,2022-09-06
,,,KvTIuooKDMHd9cOne6va,,consumer,,,,,en,Montréal,Villeray - Saint-Michel - Parc-Extension,Montreal,,,,Quebec,Canada,2022-09-07
,,,3BUX2bepHH9diVfVkb4o,,consumer,,,,,fr,Lanaudière,Les Moulins,Terrebonne,,,,Quebec,Canada,2022-09-09
,,,Fu1TQb45iGXag1m6nnn4,,consumer,,,,,fr,Montréal,Villeray - Saint-Michel - Parc-Extension,Montreal,,,,Quebec,Canada,2022-09-09
,,,2EOIGyVngG0SBJkVWq42,,consumer,,,,,en,Montréal,Le Plateau-Mont-Royal,Montéal,,,,Quebec,Canada,2022-09-10
,,,bcmWARarxZpr3FD0GDzL,,consumer,,,,,fr,Capitale-Nationale,Québec,Québec,,,,Quebec,Canada,2022-09-14
,,,jYcTEMrtsHg9pdGeEdUT,,consumer,,,,,fr,Capitale-Nationale,Québec,québec,,,,Quebec,Canada,2022-09-15
,,,AjLONoPAJj4drQWFc4wk,,consumer,,,,,fr,Capitale-Nationale,Québec,Québec,,,,Quebec,Canada,2022-09-17
,,,A4HXmdqyeYIhiEXydUKb,,consumer,,,,,fr,Montréal,Mercier - Hochelaga-Maisonneuve,Montréal,,,,Quebec,Canada,2022-09-21
,,,TDX80BJp01T9Q62oEXLP,,consumer,,,,,en,Laval,Laval,Laval,,,,Quebec,Canada,2022-09-21
,,,XIOze9BsJ6hcWT36Q5Xk,,consumer,,,,,fr,Estrie,Sherbrooke,Sherbrooke,,,,Quebec,Canada,2022-09-23
,,,wYnWfqjk1CYlDjd9UFxz,,consumer,,,,,fr,Estrie,Brome-Missisquoi,Lac-Brome,,,,Quebec,Canada,2022-09-23
,,,wBraPTs23jlo9E0uBYUr,,consumer,,,,,fr,Estrie,Memphrémagog,Magog,,,,Quebec,Canada,2022-09-24
,,,G9dHyLpAYWrFaHITJSVV,,consumer,,,,,fr,Estrie,Sherbrooke,Sherbrooke,,,,Quebec,Canada,2022-09-25
,,,6Mx56LQvPeu0UiXkiUah,,consumer,,,,,fr,Laval,Laval,LAVAL,,,,Quebec,Canada,2022-09-27
,,,y1v4JpyXoaK3cEkNggYi,,consumer,,,,,fr,Laval,Laval,Laval,,,,Quebec,Canada,2022-09-27
,,,AtY4CPaBsuz5pIP7gYpD,,consumer,,,,,fr,Montérégie,Longueuil,St-Bruno,,,,Quebec,Canada,2022-10-01
,,,1XPOi7J4GefEmIOhxLzA,,consumer,,,,,fr,Montréal,Le Plateau-Mont-Royal,Montreal,,,,Quebec,Canada,2022-10-03
,,,UptJCPL5s2XmwotvQwLn,,consumer,,,,,fr,Montérégie,Longueuil,Boucherville,,,,Quebec,Canada,2022-10-03
,,,TSSvMa8vdWZZ4h2ai8zo,,consumer,,,,,fr,Montréal,Le Sud-Ouest,montreal,,,,Quebec,Canada,2022-10-04
,,,a21JgAmTK54foABHaIcW,,consumer,,,,,fr,Montréal,Verdun,Verdun,,,,Quebec,Canada,2022-10-04
,,,gc8HoMG77FSZlOnCwavF,,consumer,,,,,fr,Montréal,Villeray - Saint-Michel - Parc-Extension,Montreal,,,,Quebec,Canada,2022-10-04
,,,zKllvXI4Zg8mhQLGmVSf,,consumer,,,,,fr,Lanaudière,Les Moulins,TErrebonne,,,,Quebec,Canada,2022-10-04
,,,4FRSwnJQYcfqMywNSNNr,,consumer,,,,,fr,Lanaudière,Montcalm,Saint-Lin-Laurentides,,,,Quebec,Canada,2022-10-05
,,,hOwyXxskcfqgzbBkTUIg,,consumer,,,,,fr,Montérégie,Longueuil,Saint-Hubert,,,,Quebec,Canada,2022-10-05
,,,3XhXGQASQj0ttIB9cdCm,,consumer,,,,,fr,Laval,Laval,Laval,,,,Quebec,Canada,2022-10-12
,,,GF7qudXUelzFcyo0fKKr,,consumer,,,,,fr,Montérégie,Longueuil,Saint-Hubert,,,,Quebec,Canada,2022-10-12
,,,LbTUnCiXHXt4lhVMkmDn,,consumer,,,,,en,Montréal,Mont-Royal,Mont-Royal,,,,Quebec,Canada,2022-10-12
,,,NVVxtIGciQ91aFFe2tqP,,consumer,,,,,fr,Lanaudière,Les Moulins,Terrebonne,,,,Quebec,Canada,2022-10-12
,,,gaNuXjaMJjaUPP5G9aP2,,consumer,,,,,fr,Laurentides,Thérèse-De Blainville,St Therese,,,,Quebec,Canada,2022-10-12
,,,wHNt5lDQ0HMPsRKQLSzi,,consumer,,,,,fr,Montréal,Mercier - Hochelaga-Maisonneuve,Montréal,,,,Quebec,Canada,2022-10-12
,,,Y6yE9ptOLqMg2TreBjgD,,consumer,,,,,fr,Laval,Laval,Laval,,,,Quebec,Canada,2022-10-14
,,,9x1cOdtIUAcTOIyrp577,,consumer,,,,,fr,Montréal,Le Sud-Ouest,Montréal,,,,Quebec,Canada,2022-10-15
,,,O3v6pAXvl7kCYGfE4NiI,,consumer,,,,,fr,Montréal,Villeray - Saint-Michel - Parc-Extension,Mtl,,,,Quebec,Canada,2022-10-15
,,,UZVUACAJwSXtUg7oMSv9,,consumer,,,,,fr,Montérégie,Longueuil,Saint-Lambert,,,,Quebec,Canada,2022-10-17
,,,7u8m3ffn6lIx3I13xdBx,,consumer,,,,,fr,Estrie,Brome-Missisquoi,Dunha,,,,Quebec,Canada,2022-10-18
,,,7SM9rdjxy2lpdW9GOy1n,,consumer,,,,,fr,Montréal,Verdun,Verdun,,,,Quebec,Canada,2022-10-19
,,,n1K5jpWGlHjB8gb864c8,,consumer,,,,,fr,Laurentides,Thérèse-De Blainville,Blainville,,,,Quebec,Canada,2022-10-19
,,,dK3vRGsI50NN3dNRoPrr,,consumer,,,,,fr,Estrie,Memphrémagog,Bolton Est,,,,Quebec,Canada,2022-10-20
,,,nk270xxhf2kLu5hkXQZb,,consumer,,,,,fr,Capitale-Nationale,Québec,quebec,,,,Quebec,Canada,2022-10-20
,,,Zg6wCvkkxQJmCADFUDX7,,consumer,,,,,fr,Montréal,Verdun,Montreal,,,,Quebec,Canada,2022-10-25
,,,oYHPstQl9aB5VDFTY5FC,,consumer,,,,,en,Montréal,Villeray - Saint-Michel - Parc-Extension,Montréal,,,,Quebec,Canada,2022-10-25
,,,W33qlUSGM1n7YUpImkDN,,consumer,,,,,fr,Montréal,Verdun,Verdun,,,,Quebec,Canada,2022-10-30
,,,GbJHmd8oJoUotPXd8fCU,,consumer,,,,,fr,Montréal,Le Plateau-Mont-Royal,Montréal,,,,Quebec,Canada,2022-10-31
,,,mgliPJRqBrfBbdR0FZtk,,consumer,,,,,fr,Montréal,Rosemont - La Petite-Patrie,Montréal,,,,Quebec,Canada,2022-10-31
,,,vALDXrOgWD1wvFXfbgCb,,consumer,,,,,fr,Montérégie,Rouville,Saint-Mathias sur Richelieu,,,,Quebec,Canada,2022-11-07
,,,0ZTBOJhMDZ1XRAbGQ58I,,consumer,,,,,en,Montréal,Le Sud-Ouest,Montreal,,,,Quebec,Canada,2022-11-09
,,,HxxHbk5alNE5QeDwfGqM,,consumer,,,,,fr,Lanaudière,Matawinie,St-Donat,,,,Quebec,Canada,2022-11-09
,,,IjMkAcWJisOwEeZjgqTx,,consumer,,,,,en,Montréal,Ahuntsic-Cartierville,Montréal,,,,Quebec,Canada,2022-11-09
,,,VE2ZLWb0zyODk3IW4CIR,,consumer,,,,,en,Laval,Laval,Laval,,,,Quebec,Canada,2022-11-09
,,,ar6CuuyRN7u6dtTCV5Lu,,consumer,,,,,fr,Montérégie,Le Haut-Richelieu,Saint-Jean-sur-Richelieu,,,,Quebec,Canada,2022-11-09
,,,bSR0cL8OjSPcBzMk4tjj,,consumer,,,,,fr,Montréal,Saint-Laurent,Montreal (Ville St-Laurent),,,,Quebec,Canada,2022-11-09
,,,inXM7VxMiBXM1bcMVwNQ,,consumer,,,,,fr,Montréal,Villeray - Saint-Michel - Parc-Extension,Montréal,,,,Quebec,Canada,2022-11-09
,,,m5p70GCHTq3r3S2vqv2e,,consumer,,,,,fr,Montréal,Côte-des-Neiges - Notre-Dame-de-Grâce,Montréal,,,,Quebec,Canada,2022-11-09
,,,t22kezjmtO55d1GPoAsF,,consumer,,,,,fr,Saguenay--Lac-Saint-Jean,Le Fjord-du-Saguenay,st-charles-de-bourget,,,,Quebec,Canada,2022-11-09
,,,5GAXLVIyUXB5LI7gqxXL,,consumer,,,,,fr,Montérégie,Marguerite-D'Youville,Contrecoeur,,,,Quebec,Canada,2022-11-10
,,,JT84H5akDOc1rLNff7aT,,consumer,,,,,en,Estrie,Brome-Missisquoi,Lac Brome,,,,Quebec,Canada,2022-11-15
,,,QPDtaVXbBe2R8h8dKaRs,,consumer,,,,,fr,Montréal,Mercier - Hochelaga-Maisonneuve,Montréal,,,,Quebec,Canada,2022-11-16
,,,38yu6IlXJjbFgbDGurML,,consumer,,,,,fr,Montréal,Ahuntsic-Cartierville,Montréal,,,,Quebec,Canada,2022-11-17
,,,4xmm4FL5sOVkZncf8GA9,,consumer,,,,,fr,Laval,Laval,Laval,,,,Quebec,Canada,2022-11-17
,,,7HstdBGDw5F7azdCXMwH,,consumer,,,,,fr,Lanaudière,Les Moulins,Terrebonne,,,,Quebec,Canada,2022-11-17
,,,97vOtRrairwr6nr5OrXQ,,consumer,,,,,fr,Montérégie,Vaudreuil-Soulanges,Notre dame de l'il perrot,,,,Quebec,Canada,2022-11-17
,,,CbWtoBcOXW2cW6L1w2Z0,,consumer,,,,,fr,Laval,Laval,Laval,,,,Quebec,Canada,2022-11-17
,,,Cya8DHibDdFdSqRCopQx,,consumer,,,,,fr,Chaudière-Appalaches,Lévis,Lévis,,,,Quebec,Canada,2022-11-17
,,,D39a4dkhfI5HXfBR8tt3,,consumer,,,,,fr,Laval,Laval,Laval,,,,Quebec,Canada,2022-11-17
,,,DyfjPZmeRZqMY1oTaIMm,,consumer,,,,,fr,Estrie,Memphrémagog,Magog,,,,Quebec,Canada,2022-11-17
,,,EY1vHWl4DM99LAZINxQ7,,consumer,,,,,fr,Lanaudière,Montcalm,St-Lin,,,,Quebec,Canada,2022-11-17
,,,EeFc9JWH2TymGN3V4Qzo,,consumer,,,,,fr,Laurentides,La Rivière-du-Nord,St-jerome,,,,Quebec,Canada,2022-11-17
,,,K4pzchfg5l1p6GdlYjkq,,consumer,,,,,fr,Laval,Laval,Laval,,,,Quebec,Canada,2022-11-17
,,,KLpGVcB4bILnSGLbAKs6,,consumer,,,,,fr,Laurentides,La Rivière-du-Nord,St-Jerome,,,,Quebec,Canada,2022-11-17
,,,OpezVxBRmQI38wkYxvB4,,consumer,,,,,fr,Laval,Laval,Laval,,,,Quebec,Canada,2022-11-17
,,,PjsPHGKXpi6xKKCySYBR,,consumer,,,,,fr,Montréal,Montréal-Est,Montréal-Est,,,,Quebec,Canada,2022-11-17
,,,RFo5weRaqXk3OEkLKvoj,,consumer,,,,,fr,Laurentides,Thérèse-De Blainville,Boisbriand,,,,Quebec,Canada,2022-11-17
,,,RtJXoH1QTNZTw7Eb04n3,,consumer,,,,,fr,Laval,Laval,Laval,,,,Quebec,Canada,2022-11-17
,,,Te213gWLjzyV0qcVb3YL,,consumer,,,,,fr,Laurentides,Deux-Montagnes,St eustache,,,,Quebec,Canada,2022-11-17
,,,U7ZIbP9ACPEpkgLBAKeL,,consumer,,,,,fr,Montréal,Rivière-des-Prairies - Pointe-aux-Trembles,Montréal,,,,Quebec,Canada,2022-11-17
,,,W86qN8hPRznYggYJUK2b,,consumer,,,,,fr,Laval,Laval,Laval,,,,Quebec,Canada,2022-11-17
,,,WemnXePwpDNXaztqaTda,,consumer,,,,,fr,Lanaudière,Les Moulins,Terrebonne,,,,Quebec,Canada,2022-11-17
,,,XEkRZZMjbNe7DDU8RUl2,,consumer,,,,,en,Laval,Laval,Laval,,,,Quebec,Canada,2022-11-17
,,,XHfrVsI16wJ6BnSZralO,,consumer,,,,,fr,Laval,Laval,Laval,,,,Quebec,Canada,2022-11-17
,,,ZlTMVG9BWKjM7eYCIftj,,consumer,,,,,fr,Centre-du-Québec,Arthabaska,Victoriaville,,,,Quebec,Canada,2022-11-17
,,,awGeLpyPfJx0CktpoEEc,,consumer,,,,,fr,Centre-du-Québec,Drummond,Drummondville,,,,Quebec,Canada,2022-11-17
,,,fLT05HcP8SypTHfUY5PA,,consumer,,,,,fr,Laurentides,La Rivière-du-Nord,Sainte-Sophie,,,,Quebec,Canada,2022-11-17
,,,fy2N2fOH8b9OK3H8lif2,,consumer,,,,,fr,Montréal,LÎle-Bizard - Sainte-Geneviève,ILE BIZARD,,,,Quebec,Canada,2022-11-17
,,,mh7I9CFYd3ycFQUvWqrO,,consumer,,,,,fr,Estrie,Memphrémagog,Ste-Catherine-de-Hatley,,,,Quebec,Canada,2022-11-17
,,,mwbBbQv4eu0yBUhVJIEl,,consumer,,,,,fr,Laval,Laval,Laval,,,,Quebec,Canada,2022-11-17
,,,nARwA5AXJ7glGPLDkYoI,,consumer,,,,,fr,Laurentides,Mirabel,Mirabel,,,,Quebec,Canada,2022-11-17
,,,p9dkJ9vEyNs4BXufsXVE,,consumer,,,,,en,Laurentides,Mirabel,Mirabel,,,,Quebec,Canada,2022-11-17
,,,pTuZGfM2QihpbVlqLZey,,consumer,,,,,fr,Montérégie,Roussillon,Chateauguay,,,,Quebec,Canada,2022-11-17
,,,qIOQIManDyDUEAGqqvhN,,consumer,,,,,fr,Montréal,Laval,Laval,,,,Quebec,Canada,2022-11-17
,,,rRdYTGRExhJIzNSmHZj4,,consumer,,,,,en,Montréal,Lachine,Lachine,,,,Quebec,Canada,2022-11-17
,,,sY95yvmx7erhAwfW7FwF,,consumer,,,,,fr,Montréal,Mercier - Hochelaga-Maisonneuve,Montreal,,,,Quebec,Canada,2022-11-17
,,,t3cEgl33LmRlDaqP6ypE,,consumer,,,,,fr,Montréal,Ahuntsic-Cartierville,Montreal,,,,Quebec,Canada,2022-11-17
,,,unjbDiJ18zlyUxmn0Yfn,,consumer,,,,,fr,Laval,Laval,Laval,,,,Quebec,Canada,2022-11-17
,,,wM55x3fj6LIxjYEMjk5e,,consumer,,,,,en,Laval,Laval,Laval,,,,Quebec,Canada,2022-11-17
,,,xVzifb3guh0TBHr3GhZS,,consumer,,,,,fr,Laval,Laval,Laval,,,,Quebec,Canada,2022-11-17
,,,y3d9UqBkovSJCOjgqZwk,,consumer,,,,,fr,Laurentides,Mirabel,Mirabel,,,,Quebec,Canada,2022-11-17
,,,yt6VQocZW5zxyJlUguh5,,consumer,,,,,fr,Laval,Laval,Laval,,,,Quebec,Canada,2022-11-17
,,,zKsV0LPxc9sUzvPyJKH7,,consumer,,,,,fr,Laval,Laval,Laval,,,,Quebec,Canada,2022-11-17
,,,zn0X1ZqChFQLLef2c8kK,,consumer,,,,,fr,Montréal,Mercier - Hochelaga-Maisonneuve,Montréal,,,,Quebec,Canada,2022-11-17
,,,FpxBMelF3zvFNktnBaWU,,consumer,,,,,fr,Abitibi-Témiscamingue,,La Sarre,,,,Quebec,Canada,2022-11-19
,,,GX7LVQ4ZxjwrmVhmvmxI,,consumer,,,,,fr,Montérégie,Marguerite-D'Youville,Varennes,,,,Quebec,Canada,2022-11-19
,,,aVa6NUHL9QFIkkrFO6Zl,,consumer,,,,,en,Laval,Laval,Laval,,,,Quebec,Canada,2022-11-19
,,,uL2g16moTZ1RBPJKifjE,,consumer,,,,,fr,Estrie,La Haute-Yamaska,Granby,,,,Quebec,Canada,2022-11-20
,,,3RMBA4mzw3AZChF64dBe,,consumer,,,,,fr,Lanaudière,Les Moulins,Terrebonne,,,,Quebec,Canada,2022-11-22
,,,0Jfd50bqlssxCNsy1G1g,,consumer,,,,,en,Montérégie,Vaudreuil-Soulanges,Vauderiel Dorion,,,,Quebec,Canada,2022-11-25
,,,9YSBY9mfQQM6CmAjcWK4,,consumer,,,,,fr,Montréal,Le Plateau-Mont-Royal,Montréal,,,,Quebec,Canada,2022-11-27
,,,z0V4feg9jxL7X83bDYFG,,consumer,,,,,fr,Saguenay--Lac-Saint-Jean,Lac-Saint-Jean-Est,Alma,,,,Quebec,Canada,2022-11-27
,,,GnMTyPZhcqXDAPLbD96v,,consumer,,,,,fr,Laval,Laval,Laval,,,,Quebec,Canada,2022-11-29
,,,swYc7ajIfVt9CLCUTkvU,,consumer,,,,,fr,Montérégie,Longueuil,Brossard,,,,Quebec,Canada,2022-11-30
,,,0TguJ0LFfVm1UKXk0sqf,,consumer,,,,,fr,Estrie,La Haute-Yamaska,St-Joachim de Shefford,,,,Quebec,Canada,2022-12-01
,,,H8gpfVoHYEbV3IZ1b6FL,,consumer,,,,,fr,Estrie,Memphrémagog,Magog,,,,Quebec,Canada,2022-12-05
,,,IWInaipScimvDSu6kPYN,,consumer,,,,,fr,Centre-du-Québec,Bécancour,Bécancour,,,,Quebec,Canada,2022-12-05
,,,6LWB87JuibIdqzryCiRN,,consumer,,,,,fr,Montérégie,Les Maskoutains,Ste-Marie-Madeleine,,,,Quebec,Canada,2022-12-07
,,,os6E0fm9FAIXi7gjgGZs,,consumer,,,,,fr,Estrie,Brome-Missisquoi,Brome,,,,Quebec,Canada,2022-12-10
,,,00L7PGcq6V4NQrMPA9vI,,consumer,,,,,en,Montréal,Villeray - Saint-Michel - Parc-Extension,Montreal,,,,Quebec,Canada,2022-12-11
,,,kFg6Sk7q1IldplMYBctb,,consumer,,,,,fr,Capitale-Nationale,Québec,Québec,,,,Quebec,Canada,2022-12-11
,,,3bmOmYTdCNV4Ag6p6ghB,,consumer,,,,,fr,Montréal,Le Plateau-Mont-Royal,Montréal,,,,Quebec,Canada,2022-12-13
,,,l11NBKu9sh9iw164uBED,,consumer,,,,,fr,Montréal,Le Plateau-Mont-Royal,Montréal,,,,Quebec,Canada,2022-12-13
,,,2MguhKSlTSJkTHP9Q0FM,,consumer,,,,,fr,Montréal,LaSalle,Lasalle,,,,Quebec,Canada,2022-12-16
,,,K8TIlzjWVtD996r5fNjD,,consumer,,,,,fr,Montréal,Villeray - Saint-Michel - Parc-Extension,Montreal,,,,Quebec,Canada,2022-12-16
,,,bVULmIM2GmLoX2nHHmHn,,consumer,,,,,fr,Montréal,Ville-Marie,montreal,,,,Quebec,Canada,2022-12-19
,,,kCticbJr0NkIt5Ltd3Xs,,consumer,,,,,en,Estrie,Coaticook,Sherbrooke,,,,Quebec,Canada,2022-12-22
,,,j9i30OTd4vEHh02ca2qh,,consumer,,,,,fr,Estrie,La Haute-Yamaska,granby,,,,Quebec,Canada,2023-01-01
,,,MGdJw6C8pegMEKEPrBaA,,consumer,,,,,fr,Montréal,Rosemont - La Petite-Patrie,Montreal,,,,Quebec,Canada,2023-01-09
,,,W97Wn4HlSrqlMaMjX0qt,,consumer,,,,,en,Outaouais,Gatineau,Gatineau,,,,Quebec,Canada,2023-01-11
,,,cnu7zDIiOYmzfosMTVrV,,consumer,,,,,fr,Outaouais,,Montcerf-Lytton,,,,Quebec,Canada,2023-01-12
,,,j3BUWcWP7EVNMpoH4XYQ,,consumer,,,,,fr,Montréal,Mont-Royal,mont royal,,,,Quebec,Canada,2023-01-12
,,,lOey04Wwah9jjQNpV2ht,,consumer,,,,,fr,Laurentides,Deux-Montagnes,Oka,,,,Quebec,Canada,2023-01-13
,,,EUAuV7g2Hod2HCyKcTJb,,consumer,,,,,fr,Montréal,Ville-Marie,Montréal,,,,Quebec,Canada,2023-01-15
,,,SZIALy6egPcjVcmOCvXk,,consumer,,,,,fr,Montréal,Pierrefonds - Roxboro,Montréal,,,,Quebec,Canada,2023-01-18
,,,pVhoDvTtX38XREgDh7gA,,consumer,,,,,fr,Montérégie,La Vallée-du-Richelieu,Carignang,,,,Quebec,Canada,2023-01-22
,,,KAp2Vw7Ih6y0IrXHjDXt,,consumer,,,,,fr,Chaudière-Appalaches,Lotbinière,val alain,,,,Quebec,Canada,2023-01-24
,,,iVXABvyHsaNK2S3ZnNO3,,consumer,,,,,fr,Montréal,Côte-des-Neiges - Notre-Dame-de-Grâce,Montréal,,,,Quebec,Canada,2023-01-24
,,,pZwr5FRJSn1bYwWdaaoU,,consumer,,,,,fr,Laval,Laval,Laval,,,,Quebec,Canada,2023-01-24
,,,zlw2lL6tvPhnA9FNeVrO,,consumer,,,,,fr,Montréal,Rosemont - La Petite-Patrie,Montreal,,,,Quebec,Canada,2023-01-24
,,,CIsY8WAmCPFERPt3U6LG,,consumer,,,,,fr,Montérégie,Longueuil,Saint-Bruno-de-Montarville,,,,Quebec,Canada,2023-01-30
,,,JCwnmceT1SXK05GiWJx2,,consumer,,,,,fr,Lanaudière,Joliette,Joliette,,,,Quebec,Canada,2023-02-02
,,,DguDn27GmQi3joYNU93M,,consumer,,,,,fr,Estrie,Sherbrooke,Sherbrooke,,,,Quebec,Canada,2023-02-05
,,,ukBvdNTQ5BJ9aFRgiG52,,consumer,,,,,fr,Montréal,LÎle-Bizard - Sainte-Geneviève,L'ILE-BIZARD,,,,Quebec,Canada,2023-02-05
,,,a7bfx4aZUdzWCSbhzWg0,,consumer,,,,,fr,Bas-Saint-Laurent,Rivière-du-Loup,L'Isle-Verte,,,,Quebec,Canada,2023-02-08
,,,BKq6BXk67QoP0EfwtlEr,,consumer,,,,,fr,Saguenay--Lac-Saint-Jean,Saguenay,Chicoutimi,,,,Quebec,Canada,2023-02-10
,,,DYFwIIxHyDoxZGwRsKht,,consumer,,,,,fr,Laurentides,,Lac-Saint-paul,,,,Quebec,Canada,2023-02-15
,,,WheojFxfJnlMiRCMVg5I,,consumer,,,,,fr,Capitale-Nationale,Québec,Québec,,,,Quebec,Canada,2023-02-15
,,,H18po7Kyl8mYJ9vIWy6c,,consumer,,,,,fr,Montréal,Le Plateau-Mont-Royal,Montréal,,,,Quebec,Canada,2023-02-19
,,,f7jjacv77eJDjOBFcYm2,,consumer,,,,,en,Estrie,Brome-Missisquoi,Sutton,,,,Quebec,Canada,2023-02-22
,,,poP6MeMvykejab3B6Jdj,,consumer,,,,,fr,Laval,Laval,Laval,,,,Quebec,Canada,2023-02-26
,,,GgCOe8BwwCyNHTfHzyfo,,consumer,,,,,fr,Lanaudière,Joliette,joliette,,,,Quebec,Canada,2023-02-27
,,,X0JFq7mCffcBAfhzXEvm,,consumer,,,,,fr,Montréal,Côte-des-Neiges - Notre-Dame-de-Grâce,Montréal,,,,Quebec,Canada,2023-02-28
,,,uRAy3DpT66UvhrQu9gYL,,consumer,,,,,fr,Laval,Laval,Laval,,,,Quebec,Canada,2023-02-28
,,,htLZSoiKOt6rRXHSwkYa,,consumer,,,,,fr,Montréal,Côte-des-Neiges - Notre-Dame-de-Grâce,Montreal,,,,Quebec,Canada,2023-03-02
,,,RfIl8SHGX41dXIituJIE,,consumer,,,,,fr,Outaouais,Gatineau,Gatineau,,,,Quebec,Canada,2023-03-04
,,,ASoV2n9etLdyxzefUS3y,,consumer,,,,,fr,Montréal,Rosemont - La Petite-Patrie,Montreal,,,,Quebec,Canada,2023-03-07
,,,UXyr9pswNcAhpA83P5jt,,consumer,,,,,fr,Estrie,Brome-Missisquoi,Knowlton,,,,Quebec,Canada,2023-03-07
,,,5geomgjcDtWQsOznMb83,,consumer,,,,,fr,Montréal,Côte-des-Neiges - Notre-Dame-de-Grâce,Montreal,,,,Quebec,Canada,2023-03-08
,,,S4wrC4RWN87N072e52HN,,consumer,,,,,fr,Estrie,Le Haut-Saint-François,Weedon,,,,Quebec,Canada,2023-03-09
,,,scPiMe5hseefzSPfwETS,,consumer,,,,,fr,Mauricie,Trois-Rivières,Trois-Rivières,,,,Quebec,Canada,2023-03-14
,,,ap82EEUSAyv61pEXPtOs,,consumer,,,,,fr,Montérégie,Les Jardins-de-Napierville,Sherrington,,,,Quebec,Canada,2023-03-16
,,,dVUinjYFkxu3q0ph4qoc,,consumer,,,,,fr,Montérégie,Le Haut-Richelieu,Saint-Jean-sur-Richelieu,,,,Quebec,Canada,2023-03-16
,,,3RXns99YgY7UvCFo7Twc,,consumer,,,,,fr,Montréal,Ville-Marie,Montréal,,,,Quebec,Canada,2023-03-24
,,,BkzTgwydbhsbdD4tN0xg,,consumer,,,,,fr,Montérégie,Roussillon,Candiac,,,,Quebec,Canada,2023-03-26
,,,x8vMqCiV4BixA7Ma3bOm,,consumer,,,,,en,Estrie,Brome-Missisquoi,Brome,,,,Quebec,Canada,2023-04-01
,,,usp0umY8VqiGDyUmn3tm,,consumer,,,,,en,Estrie,Brome-Missisquoi,Dunham,,,,Quebec,Canada,2023-04-03
,,,0PXIK0aqP1n8jl3fLyNZ,,consumer,,,,,fr,Montréal,Rosemont - La Petite-Patrie,Montréal,,,,Quebec,Canada,2023-04-04
,,,HNtfLugZpLx8w031U1BB,,consumer,,,,,fr,Estrie,La Haute-Yamaska,Granby,,,,Quebec,Canada,2023-04-16
,,,7HpAZOQkzhN8Awl5ocDF,,consumer,,,,,fr,Gaspésie--Îles-de-la-Madeleine,,bassin,,,,Quebec,Canada,2023-05-08
,,,OHpCU85x5hFvlBnrn30q,,consumer,,,,,en,Montréal,Ville-Marie,Montreal,,,,Quebec,Canada,2023-05-22
,,,vdydZmV6qUumX97s8X0O,,consumer,,,,,fr,Estrie,Brome-Missisquoi,Frelighsburg,,,,Quebec,Canada,2023-05-23
,,,AKeDlaeK6zmTnh9Klz2a,,consumer,,,,,fr,Laurentides,La Rivière-du-Nord,ste Hippolyte ,,,,Quebec,Canada,2023-05-30
,,,RPqdCIkNG4HwORqLPxCo,,consumer,,,,,fr,Montérégie,Longueuil,Brossard,,,,Quebec,Canada,2023-05-30
,,,QsLgz9K2GD1mJgP4SxYo,,consumer,,,,,fr,Capitale-Nationale,Portneuf,St Augustin de desmaures,,,,Quebec,Canada,2023-05-31
,,,Ko97ba5IDKRaVV2JYzJv,,consumer,,,,,fr,Montérégie,Roussillon,Candiac,,,,Quebec,Canada,2023-06-01
,,,VVLZYmwRUM54NrBtVFv7,,consumer,,,,,fr,Montréal,Ville-Marie,Montréal,,,,Quebec,Canada,2023-06-07
,,,b79nTKx6xQ3BeukRjQT9,,consumer,,,,,fr,Chaudière-Appalaches,Robert-Cliche,Saint-Alfred,,,,Quebec,Canada,2023-06-08
,,,n5PaxWa0uv4a4geNRqGe,,consumer,,,,,fr,Estrie,Brome-Missisquoi,Frelisghburg,,,,Quebec,Canada,2023-06-10
,,,f3ZpP4ftMyQz63Gmvjq5,,consumer,,,,,fr,Montréal,Villeray - Saint-Michel - Parc-Extension,Montréal,,,,Quebec,Canada,2023-06-19
,,,wJnqpUtO6k0BYrjYlnXB,,consumer,,,,,fr,Laval,Laval,laval,,,,Quebec,Canada,2023-06-20
,,,Q2C6twkrzyxCqMO87u4H,,consumer,,,,,fr,Estrie,Brome-Missisquoi,Frelighsburg,,,,Quebec,Canada,2023-06-21
,,,z1r30GuEjoy5ynDge7wj,,consumer,,,,,fr,Montréal,Dollard-Des Ormeaux,Dollard-Des-Ormeaux,,,,Quebec,Canada,2023-06-21
,,,oi3qe2ymvUSMtrAP1tFo,,consumer,,,,,fr,Montérégie,Le Haut-Richelieu,Henryville,,,,Quebec,Canada,2023-06-21
,,,guKFKb8u6PAwUuSdVvJq,,consumer,,,,,fr,Estrie,Brome-Missisquoi,FRELIGHSBURG,,,,Quebec,Canada,2023-06-26
,,,lcs8bKr9nukDOoZbBn2D,,consumer,,,,,fr,Montréal,Rosemont - La Petite-Patrie,Montreal,,,,Quebec,Canada,2023-07-04
,,,u20mBupKovZz6Moidogm,,consumer,,,,,fr,Montréal,Mercier - Hochelaga-Maisonneuve,montréal,,,,Quebec,Canada,2023-07-18
,,,115qIYj4rQQCg1meHAEj,,consumer,,,,,fr,Lanaudière,Joliette,Joliette,,,,Quebec,Canada,2023-07-20
,,,Tp9uwlHCFBbLT1U5OHnS,,consumer,,,,,fr,Montréal,Le Plateau-Mont-Royal,Montréal ,,,,Quebec,Canada,2023-07-24
,,,vjXuaKIJpCkvcxJMUl6J,,consumer,,,,,fr,Montréal,Côte-des-Neiges - Notre-Dame-de-Grâce,Montreal,,,,Quebec,Canada,2023-08-06
,,,6VYa6lGL9K4TuKPrbNKz,,consumer,,,,,fr,Chaudière-Appalaches,Les Appalaches,Thetford Mines,,,,Quebec,Canada,2023-08-07
,,,AX2bWfJ36AGLZ4KxufgV,,consumer,,,,,fr,Montréal,Villeray - Saint-Michel - Parc-Extension,Montreal,,,,Quebec,Canada,2023-08-12
,,,QQswYgqUXrZeBVdGdFBt,,consumer,,,,,fr,Montréal,Côte-des-Neiges - Notre-Dame-de-Grâce,Montréal,,,,Quebec,Canada,2023-08-16
,,,XrE2yAAX0ABO6AxWGQf5,,consumer,,,,,fr,Montérégie,Longueuil,Longueuil,,,,Quebec,Canada,2023-08-23
,,,dokvWuIk1PbEWZpZlhOC,,consumer,,,,,fr,Montréal,Rosemont - La Petite-Patrie,Montreal,,,,Quebec,Canada,2023-08-28
,,,vAmdVATXq2Hvp1QE4kk2,,consumer,,,,,fr,Capitale-Nationale,La Côte-de-Beaupré,Chateau-Richer,,,,Quebec,Canada,2023-08-30
,,,omxywCfe7HSqfMKbuOfQ,,consumer,,,,,fr,Montréal,Ville-Marie,Montréal,,,,Quebec,Canada,2023-08-31
,,,DuPzBzHqnmacYZZjUxT1,,consumer,,,,,fr,Montréal,Villeray - Saint-Michel - Parc-Extension,Montreal,,,,Quebec,Canada,2023-09-02
,,,vTmmMjs9ZKEiCeqoUIs4,,consumer,,,,,fr,Chaudière-Appalaches,Les Appalaches,Disraéli,,,,Quebec,Canada,2023-09-06
,,,ditnwCXg6BdDhQ8FxShw,,consumer,,,,,fr,Chaudière-Appalaches,Lévis,Levis,,,,Quebec,Canada,2023-09-06
,,,BczqlKJs9oUpTX5MsBoS,,consumer,,,,,fr,Montérégie,Longueuil,St-Lambert,,,,Quebec,Canada,2023-09-06
,,,IPvdKrsBk0TzAedCKIEJ,,consumer,,,,,fr,Laurentides,Thérèse-De Blainville,Blainville ,,,,Quebec,Canada,2023-09-15
,,,i60LqIwEfPeCx5smhZ4B,,consumer,,,,,fr,Montréal,Ville-Marie,Montréal,,,,Quebec,Canada,2023-09-19
,,,ddelIqpPtil7ALT4wV24,,consumer,,,,,fr,Montréal,Le Plateau-Mont-Royal,Montreal,,,,Quebec,Canada,2023-09-26
,,,RJlYg1r5HQNt8hKXKeSM,,consumer,,,,,fr,Lanaudière,Matawinie,Saint-Félix-de-Valois,,,,Quebec,Canada,2023-09-29
,,,j1dVD5oDmi1QWCVPRh24,,consumer,,,,,fr,Montréal,Le Plateau-Mont-Royal,Montréal,,,,Quebec,Canada,2023-10-02
,,,7SSRABALOf5FsyUHf05f,,consumer,,,,,fr,Montréal,Villeray - Saint-Michel - Parc-Extension,Montréal,,,,Quebec,Canada,2023-10-03
,,,mZT6Yf57zTF27dkZsGoe,,consumer,,,,,fr,Laval,Laval,Laval,,,,Quebec,Canada,2023-10-03
,,,a9js0Mx3nHgR8nPgqaUe,,consumer,,,,,fr,Montréal,Villeray - Saint-Michel - Parc-Extension,Montréal,,,,Quebec,Canada,2023-10-04
,,,R2zhojP1xMjuJIhr7Q89,,consumer,,,,,fr,Lanaudière,Matawinie,Saint-Félix-de-Valois,,,,Quebec,Canada,2023-10-06
,,,OZi5UvHHsouie14MmIsi,,consumer,,,,,fr,Montréal,Ahuntsic-Cartierville,Montréal,,,,Quebec,Canada,2023-10-08
,,,qXl37KbXkf9ncX6BI56j,,consumer,,,,,fr,Montérégie,Vaudreuil-Soulanges,Sainte-Marthe,,,,Quebec,Canada,2023-10-12
,,,J0grpwfVnGOWlLX3hCCt,,consumer,,,,,fr,Montréal,Côte-des-Neiges - Notre-Dame-de-Grâce,Montréal,,,,Quebec,Canada,2023-10-21
,,,TQAA5Iz3ysxM0UiIOoHj,,consumer,,,,,fr,Lanaudière,Matawinie,Saint-Félix-de-Valois,,,,Quebec,Canada,2023-10-24
,,,FJ7BA8NARVMwh7owfiQj,,consumer,,,,,fr,Montréal,Villeray - Saint-Michel - Parc-Extension,Montreal,,,,Quebec,Canada,2023-10-24
,,,Ce64aCufOoFJTPwfC0W4,,consumer,,,,,fr,Lanaudière,Joliette,Joliette ,,,,Quebec,Canada,2023-10-24
,,,lJkBokY410RCZK5Rt7Ym,,consumer,,,,,fr,Montréal,Villeray - Saint-Michel - Parc-Extension,Montréal,,,,Quebec,Canada,2023-10-28
,,,p7LlSDRPrg48FbX697CU,,consumer,,,,,fr,Montérégie,La Vallée-du-Richelieu,Carignan,,,,Quebec,Canada,2023-10-31
,,,YA3D8eylWO5RYo1am0Ss,,consumer,,,,,fr,Estrie,Sherbrooke,Sherbrooke,,,,Quebec,Canada,2023-11-01
,,,lprETWYvYMa95QvIfAdp,,consumer,,,,,fr,Montréal,Ville-Marie,Montreal ,,,,Quebec,Canada,2023-11-03
,,,NWA7P214pNXmenxYidAU,,consumer,,,,,fr,Capitale-Nationale,Québec,Québec,,,,Quebec,Canada,2023-11-09
,,,kAnrIw46if8OBOLgzw18,,consumer,,,,,fr,Montréal,Villeray - Saint-Michel - Parc-Extension,Montréal,,,,Quebec,Canada,2023-11-20
,,,APSGWaPre9v5LSkUdQfh,,consumer,,,,,fr,Montérégie,La Vallée-du-Richelieu,Carignan,,,,Quebec,Canada,2023-11-22
,,,B0fRVbo26JUJDGsir1eJ,,consumer,,,,,fr,Capitale-Nationale,Québec,Québec,,,,Quebec,Canada,2023-11-23
,,,iX7VPcYfoKW3Dh9tlXyB,,consumer,,,,,fr,Montérégie,Roussillon,Saint-Constant,,,,Quebec,Canada,2023-11-27
,,,UsHiF86zcejq5ALM2oVl,,consumer,,,,,fr,Capitale-Nationale,Québec,Québec,,,,Quebec,Canada,2023-11-28
,,,abFR8r57VYtqHJvM2i36,,consumer,,,,,fr,Montréal,Le Plateau-Mont-Royal,Montréal,,,,Quebec,Canada,2023-12-05
,,,EKzVWyjpWACfGVDpkJww,,consumer,,,,,fr,Montérégie,Beauharnois-Salaberry,Salaberry-de-Valleyfield,,,,Quebec,Canada,2023-12-15
,,,XmOE0Xtuq4bA0JQGyD5D,,consumer,,,,,fr,Montérégie,Longueuil,brossard,,,,Quebec,Canada,2023-12-19
,,,0AgmJvPIk0Nzkjgcw7ov,,consumer,,,,,fr,Capitale-Nationale,Québec,Québec,,,,Quebec,Canada,2024-01-21
,,,CVsb5oKVDfJkLJiSS6t6,,consumer,,,,,fr,Outaouais,Gatineau,Gatineau,,,,Quebec,Canada,2024-01-24
,,,bn88vTt7DBNez39EWVIp,,consumer,,,,,fr,Bas-Saint-Laurent,Rivière-du-Loup,Rivière-Du-Loup,,,,Quebec,Canada,2024-02-02
,,,LeSj2KfKIxs6QKAmvnMt,,consumer,,,,,fr,Montréal,Ville-Marie,Montréal,,,,Quebec,Canada,2024-02-02
,,,brCu1UBrgjc0Pc8jKQsi,,consumer,,,,,fr,Bas-Saint-Laurent,Rivière-du-Loup,Rivière-Du-Loup,,,,Quebec,Canada,2024-02-16
,,,To5ylLi4Sov6ehGCZcrS,,consumer,,,,,fr,,,Saint-Cyprien,,,,Quebec,Canada,2024-03-01
,,,59WdqnyY4LQWysTrXetg,,consumer,,,,,fr,Outaouais,,Gracefield,,,,Quebec,Canada,2024-03-17
,,,YPQYRpxzQ8htlkzGgpQx,,producer,,,,,fr,Gaspésie--Îles-de-la-Madeleine,La Côte-de-Gaspé,Grande Vallée,,,,Quebec,Canada,2024-03-14
,,,runRVUtWBX4Rc7sMLvcE,,consumer,,,,,fr,Montréal,Villeray - Saint-Michel - Parc-Extension,Montréal,,,,Quebec,Canada,2024-03-31
,,,MGAEBI7b7R6wxslE0a7Q,,consumer,,,,,fr,Mauricie,Trois-Rivières,Trois-Rivières,,,,Quebec,Canada,2024-03-29
,,,0T5idt32Mvd70YJPpd7E,,producer,,,,,fr,Mauricie,Trois-Rivières,Trois-Rivières ,,,,Quebec,Canada,2024-04-11
,,,l7lPe9ei7fqwuaTJRs1g,,consumer,,,,,fr,Montérégie,Roussillon,Sainte Catherine ,,,,Quebec,Canada,2024-04-12
,,,chGS5cONMqeDNHj2mlC7,,consumer,,,,,fr,Capitale-Nationale,Québec,Quebec,,,,Quebec,Canada,2024-04-12
,,,qlbow6mhlfoR5bmlfct0,,consumer,,,,,fr,Montérégie,Le Haut-Richelieu,Saint-Jean-sur-Richelieu,,,,Quebec,Canada,2024-04-23
,,,DJ9o4ZoqdHcJC87FK7uv,,consumer,,,,,fr,Montréal,Ville-Marie,Montréal,,,,Quebec,Canada,2024-04-29
,,,QW4iMA62pDJulgzIH04l,,consumer,,,,,fr,Montérégie,Roussillon,ST-CONSTANT,,,,Quebec,Canada,2024-05-14
,,,wFS1d9KM1FHpjhVFOxHy,,consumer,,,,,fr,Centre-du-Québec,Nicolet-Yamaska,Sainte-Perpétue,,,,Quebec,Canada,2024-05-15
,,,gPPSKU6af0GR2cMlYrhT,,consumer,,,,,en,Estrie,Brome-Missisquoi,Frelighsburg,,,,Quebec,Canada,2024-05-15
,,,vpI3HcstOQUVpnPJPhLf,,consumer,,,,,fr,Montréal,Saint-Laurent,Montreal,,,,Quebec,Canada,2024-05-20
,,,Q8opoDN1AHacMsCao4WE,,consumer,,,,,fr,Montérégie,Les Maskoutains,St Simon,,,,Quebec,Canada,2024-05-21
,,,YDDFuxUFS7wniBTIUStk,,consumer,,,,,fr,Montréal,Rosemont - La Petite-Patrie,montreal,,,,Quebec,Canada,2024-05-21
,,,cSOCu1o8SBbbhflMyatx,,consumer,,,,,fr,Capitale-Nationale,Charlevoix,Les Éboulements,,,,Quebec,Canada,2024-05-27
,,,s31VG3DxcNZZPoVftE9A,,consumer,,,,,fr,Montréal,Villeray - Saint-Michel - Parc-Extension,Montréal,,,,Quebec,Canada,2024-06-03
,,,noTjts0exM3VdeXuTPZV,,consumer,,,,,fr,Montréal,Outremont,Montréal,,,,Quebec,Canada,2024-06-04
,,,r4k9EuhcFVavFTMn2lxm,,consumer,,,,,fr,Montréal,Montréal-Nord,Montreal-Nord,,,,Quebec,Canada,2024-06-28
,,,xjXKhJCJLExIODMXLaYb,,consumer,,,,,fr,Gaspésie--Îles-de-la-Madeleine,,Bassin,,,,Quebec,Canada,2024-06-30
,,,siFZv7RLy8eq7yfC2CHI,,consumer,,,,,fr,Gaspésie--Îles-de-la-Madeleine,,Havre-aux-Maisons,,,,Quebec,Canada,2024-06-30
,,,gpput7lgaYZiFOwhWWbK,,consumer,,,,,fr,Gaspésie--Îles-de-la-Madeleine,,Bassin,,,,Quebec,Canada,2024-07-01
,,,i2huHdPFfVWrjB78gxmb,,consumer,,,,,fr,Gaspésie--Îles-de-la-Madeleine,,Havre-Aubert ,,,,Quebec,Canada,2024-07-01
,,,Svx1c9BjsNceje5atjBq,,consumer,,,,,fr,Gaspésie--Îles-de-la-Madeleine,,Havre-aux-Maisons,,,,Quebec,Canada,2024-06-30
,,,DofpE46vjFycfxZ6pTKf,,consumer,,,,,fr,Gaspésie--Îles-de-la-Madeleine,,Bassin ,,,,Quebec,Canada,2024-06-30
,,,wLaHOtlj6XgIOjsl9hcg,,consumer,,,,,fr,Gaspésie--Îles-de-la-Madeleine,,étang-du-nord,,,,Quebec,Canada,2024-07-01
,,,ek3Z7s5ZokKFIQmzykQG,,consumer,,,,,fr,Gaspésie--Îles-de-la-Madeleine,,Bassin,,,,Quebec,Canada,2024-07-01
,,,syO7p1XzPmq5pYXdV41i,,consumer,,,,,fr,Gaspésie--Îles-de-la-Madeleine,,Bassin,,,,Quebec,Canada,2024-07-01
,,,Jot9wM34lzGfXPod5sHQ,,consumer,,,,,fr,Gaspésie--Îles-de-la-Madeleine,,Havre-Aubert,,,,Quebec,Canada,2024-07-01
,,,QNutUbriWC5mVCovF2iK,,consumer,,,,,fr,Gaspésie--Îles-de-la-Madeleine,,Bassin,,,,Quebec,Canada,2024-07-01
,,,QLHyegIH9XwaOm7rzGME,,consumer,,,,,fr,Gaspésie--Îles-de-la-Madeleine,,Fatima,,,,Quebec,Canada,2024-07-01
,,,YeHTp5dK0KsfpH0M0pHx,,consumer,,,,,fr,Gaspésie--Îles-de-la-Madeleine,,Fatima,,,,Quebec,Canada,2024-07-02
,,,NVNCkKQv0iaFETxeNYby,,consumer,,,,,fr,Outaouais,,Maniwaki ,,,,Quebec,Canada,2024-07-03
,,,TI6G0Nwjq3wbkR7T2bFa,,consumer,,,,,fr,Gaspésie--Îles-de-la-Madeleine,,Cap-aux-Meules,,,,Quebec,Canada,2024-07-08
,,,JC9Ers7YMxNbgPy7WU0z,,consumer,,,,,fr,Gaspésie--Îles-de-la-Madeleine,,Havre-Aubert,,,,Quebec,Canada,2024-07-08
,,,pbthBigGqxquuiHA7Cog,,consumer,,,,,fr,Montréal,Ville-Marie,Montréal,,,,Quebec,Canada,2024-07-09
,,,NYi6hG9TXa1FXJpqQHjH,,consumer,,,,,fr,Gaspésie--Îles-de-la-Madeleine,,Bassin,,,,Quebec,Canada,2024-07-09
,,,HyzftNKp2C7Sqrc9isej,,consumer,,,,,fr,Estrie,Sherbrooke,Sherbrooke,,,,Quebec,Canada,2024-07-11
,,,lnxXEPqdaV9qO3KW9jpy,,consumer,,,,,fr,Capitale-Nationale,Québec,Québec,,,,Quebec,Canada,2024-07-12
,,,3eQBVmY1GpENaGOz150v,,consumer,,,,,fr,Montréal,Ahuntsic-Cartierville,Montréal,,,,Quebec,Canada,2024-07-15
,,,0R9kvTWPgTIQGdwJfpia,,consumer,,,,,fr,Gaspésie--Îles-de-la-Madeleine,,Fatima,,,,Quebec,Canada,2024-07-17
,,,efZddZiYhiW8ZyAclvVP,,consumer,,,,,fr,Gaspésie--Îles-de-la-Madeleine,,Havre-aux-Maisons,,,,Quebec,Canada,2024-07-20
,,,lZQ5VBjVEoGfyWLBZxx7,,consumer,,,,,en,Montérégie,Vaudreuil-Soulanges,st polycarpe,,,,Quebec,Canada,2024-07-25
,,,NlMXOmavogmhnwhOyrAC,,consumer,,,,,fr,Capitale-Nationale,L'Île-d'Orléans,Saint-Jean de l'ile d'Orléans,,,,Quebec,Canada,2024-08-09
,,,Xs5X9uaCzgFJVBg7y4k3,,consumer,,,,,fr,Gaspésie--Îles-de-la-Madeleine,,L’Étang-du-Nord,,,,Quebec,Canada,2024-08-12
,,,wf6uVmEJwnKCJNzuEa6x,,consumer,,,,,en,Montréal,Sainte-Anne-de-Bellevue,Ste Anne de Bellevue,,,,Quebec,Canada,2024-08-20
,,,pIwP1o32IXm4SVCmhhqb,,consumer,,,,,fr,Laval,Ahuntsic-Cartierville,Montreal,,,,Quebec,Canada,2024-08-28
,,,fsrC6U9VYWt29hlxfEyW,,consumer,,,,,fr,Montérégie,Beauharnois-Salaberry,Paradis001!,,,,Quebec,Canada,2024-08-31
,,,FwiEcKr1qZ0d5glf0sap,,consumer,,,,,fr,Laurentides,Thérèse-De Blainville,Rosemère,,,,Quebec,Canada,2024-09-05
,,,jR8UOYZUo7uy8bezVROy,,consumer,,,,,fr,Montréal,Rosemont - La Petite-Patrie,Montreal,,,,Quebec,Canada,2024-09-05
,,,yp50yugh70fdBKnITlti,,consumer,,,,,fr,Montréal,Ahuntsic-Cartierville,Montréal,,,,Quebec,Canada,2024-09-10
,,,1gXvELVlT4mzVAD2gmc9,,consumer,,,,,fr,Mauricie,Trois-Rivières,Trois-Rivieres,,,,Quebec,Canada,2024-09-10
,,,OQQdw6vyspAdu7FqSXE0,,consumer,,,,,fr,Gaspésie--Îles-de-la-Madeleine,La Côte-de-Gaspé,Gaspé,,,,Quebec,Canada,2024-09-16
,,,io94QLF6arWHduL1F11N,,consumer,,,,,fr,Lanaudière,L'Assomption,REPENTIGNY,,,,Quebec,Canada,2024-09-16
,,,gAiUHNQ9xFMLZ3wnuoU2,,consumer,,,,,fr,Estrie,Coaticook,Compton,,,,Quebec,Canada,2024-09-16
,,,hf1QaFtnlqbreuMKZuXH,,consumer,,,,,fr,Capitale-Nationale,Québec,Québec,,,,Quebec,Canada,2024-09-17
,,,xHzkUGgj80YQUeqiYM2l,,consumer,,,,,fr,Gaspésie--Îles-de-la-Madeleine,,Etang du nord,,,,Quebec,Canada,2024-09-17
,,,QKJMSlVfziVsQGIpnqaL,,consumer,,,,,fr,Gaspésie--Îles-de-la-Madeleine,,Bassin ,,,,Quebec,Canada,2024-09-18
,,,9H8MpT6s0MM4vXh9Fi1d,,consumer,,,,,fr,Chaudière-Appalaches,Lévis,Lévis,,,,Quebec,Canada,2024-09-20
,,,Sl2soioP01aLiMDChm82,,consumer,,,,,fr,Lanaudière,L'Assomption,repentigny,,,,Quebec,Canada,2024-09-23
,,,iC9ol4gTdIdvez2EQM9h,,consumer,,,,,fr,Montréal,LaSalle,Lasalle,,,,Quebec,Canada,2024-09-26
,,,mvUzbVqV9HaUykSMpxQn,,consumer,,,,,fr,Montréal,Villeray - Saint-Michel - Parc-Extension,Montréal,,,,Quebec,Canada,2024-09-30
,,,jA4civAkXXrzmzLvCnFP,,consumer,,,,,fr,Saguenay--Lac-Saint-Jean,Saguenay,Chicoutimi,,,,Quebec,Canada,2024-10-01
,,,FvRDlMg04mxO3Or0gF6z,,consumer,,,,,fr,Capitale-Nationale,Québec,Québec,,,,Quebec,Canada,2024-10-01
,,,IhBPsy2TXpGCb4tRd9vO,,consumer,,,,,fr,Chaudière-Appalaches,Lévis,Lévis,,,,Quebec,Canada,2024-10-04
,,,rMQ5RcwsfFLwR0YO1yNC,,consumer,,,,,fr,Montréal,Le Plateau-Mont-Royal,Montréal,,,,Quebec,Canada,2024-10-10
,,,aaxv8PXa6C4o1tBkSY7W,,consumer,,,,,fr,Mauricie,Maskinongé,Louiseville,,,,Quebec,Canada,2024-10-11
,,,YzkAcRx6eA47TtEFERTF,,consumer,,,,,fr,Lanaudière,Joliette,Joliette,,,,Quebec,Canada,2024-10-11
,,,12JJdzjz1Q5ly3CK4MZ5,,consumer,,,,,fr,Estrie,Brome-Missisquoi,Sutton,,,,Quebec,Canada,2024-10-17
,,,OBI1sRUxZ9AKUQPomsen,,consumer,,,,,fr,Montréal,Le Plateau-Mont-Royal,Montreal,,,,Quebec,Canada,2024-10-18
,,,mctKubClVnhUBYSeE2Sa,,consumer,,,,,fr,Abitibi-Témiscamingue,,Gallichan,,,,Quebec,Canada,2024-10-21
,,,jjHPw09zwiVBICRZ4Eo3,,consumer,,,,,fr,Saguenay--Lac-Saint-Jean,,Albanel ,,,,Quebec,Canada,2024-10-24
,,,2b1d9QjwhEJQnRZpNuWP,,consumer,,,,,fr,Montérégie,Longueuil,Longueuil,,,,Quebec,Canada,2024-10-31
,,,Sq1OjQuchOWTZvQseDG1,,consumer,,,,,fr,Lanaudière,Joliette,Saint-Charles-Borromée ,,,,Quebec,Canada,2024-11-03
,,,j3Yfs4ypqNC6A5uaSbW5,,consumer,,,,,fr,Capitale-Nationale,Charlevoix-Est,Saint-aimé des lacs,,,,Quebec,Canada,2024-11-11
,,,mJso0U1Ymsg3gNtwtdXM,,consumer,,,,,fr,Montréal,Côte-des-Neiges - Notre-Dame-de-Grâce,Outremont,,,,Quebec,Canada,2024-11-11
,,,3UmJNF7qSzbeWvbR5pXj,,consumer,,,,,en,Montréal,Côte-des-Neiges - Notre-Dame-de-Grâce,Montreal,,,,Quebec,Canada,2024-11-12
,,,PaBMYFncX2Ungo5bhnEn,,consumer,,,,,fr,Montréal,Ville-Marie,Montréal,,,,Quebec,Canada,2024-11-13
,,,WRW3Q4KlHmSscQXfNeQe,,consumer,,,,,fr,Montréal,Rivière-des-Prairies - Pointe-aux-Trembles,Montréal,,,,Quebec,Canada,2024-11-24
,,,4hgS7lQZh8uhkDPebR82,,consumer,,,,,fr,Montréal,Rivière-des-Prairies - Pointe-aux-Trembles,Montreal,,,,Quebec,Canada,2024-12-03
,,,5ajkqvjJeRJv5hqknhO1,,consumer,,,,,fr,Saguenay--Lac-Saint-Jean,Saguenay,La Baie,,,,Quebec,Canada,2024-12-04
,,,xHZioj5D63NALUlshv23,,consumer,,,,,fr,Chaudière-Appalaches,Bellechasse,St-Ansleme,,,,Quebec,Canada,2024-12-05
,,,ZUhu3VKEt7SyFyRyVcrr,,consumer,,,,,fr,Laurentides,La Rivière-du-Nord,Prévost,,,,Quebec,Canada,2024-12-09
,,,Jfh42qe4du6hcjlEkk4P,,consumer,,,,,fr,Montréal,Ville-Marie,Montreall,,,,Quebec,Canada,2024-12-21
,,,kqoVsDEYgzQw0EAihrr6,,consumer,,,,,fr,Chaudière-Appalaches,Bellechasse,Saint-Nérée-de-Bellechasse ,,,,Quebec,Canada,2025-01-16
,,,HS7hD7UDs9buwhqubyrX,,consumer,,,,,fr,Montréal,Le Plateau-Mont-Royal,Montréal,,,,Quebec,Canada,2025-01-23
,,,NNyXtJK7KWa4opPICVHL,,consumer,,,,,fr,Côte-Nord,Manicouagan,Baie-comeau,,,,Quebec,Canada,2025-02-01
,,,XHH81KccDZwY6AiVbalw,,consumer,,,,,fr,Montréal,Côte-des-Neiges - Notre-Dame-de-Grâce,Montréal,,,,Quebec,Canada,2025-02-03
,,,toAYNfDEuXUN59Ei33Hi,,consumer,,,,,fr,Côte-Nord,Manicouagan,Pointe-aux-Outardes,,,,Quebec,Canada,2025-02-06
,,,bSDhHxzAw4sFfTLiIODT,,consumer,,,,,fr,Côte-Nord,Manicouagan,Baie-Comeau ,,,,Quebec,Canada,2025-02-06