Id,Number,Timestamp,Due date,,,Uniq items ordered,Amount excluding taxes (CAD),Amount including taxes (CAD),Status,Distribution mode,Delivery date,Delivery fees (CAD),Distance to pickup (km),Vendor organization id,,Buyer organization id,,Creator organization id,,Creator logged in
0ArfwfUFeF8qSzAybS29,PO-000001,2024-06-17,2021-12-02,,,6,"62,5","62,5",cancelledByVendor,delivery,2021-11-18,10,,2fnE1XiuRG39yBo7yB9S,,bBsu65CHFps22otQnD2s,,,,FALSE
0faQcKbVnLFxa7PSKWa8,PO240415-1920,2024-06-17,2024-04-30,,,3,81,81,cancelledByVendor,delivery,2024-04-16,0,,KQHvMD1fQ7jPyrC5nWsK,,XkCH7wPKVhbrvPEfCfEV,,XkCH7wPKVhbrvPEfCfEV,,TRUE
0nD6XKfxmP4Y8yKe6gb0,PO-000001,2024-06-17,2022-04-22,,,4,"1195,36","1195,36",cancelledByVendor,delivery,2022-04-14,0,,OosAh6jwi62Cd5fvEZ8V,,,,,,FALSE
0nW8vY0lgHcYubo7qFTS,PO240212-2584,2024-06-17,2024-02-26,,,1,216,"216,9",cancelledByVendor,delivery,2024-02-14,6,,5SbYMzADNTSypp3CHqdt,,4DZT0CTPwqZbtbLZh6OR,,4DZT0CTPwqZbtbLZh6OR,,TRUE
0onwqFYW6TsnYKgdc56X,PO-000035,2024-06-17,2021-12-07,,,2,"60,4","60,4",cancelledByCustomer,delivery,2021-11-26,10,,De0LQFAAw6JiFjMTbVuV,,bh84nWsl3E2DxVn6raBO,,,,FALSE
0qWyHkU8Nzy0JlSB3oQO,PO231017-7768,2024-06-17,2023-11-01,,,11,"88,75","88,75",cancelledByVendor,delivery,2023-10-18,,,9RMSz3WXxOJBhcHJsiq0,,zUSbxmxRpdcgdKQPanB3,,zUSbxmxRpdcgdKQPanB3,,TRUE
1bTYtlkxcCy2lSQgM65n,PO221108-2208,2024-06-17,2022-11-22,,,2,170,170,cancelledByVendor,pickup,2022-11-10,,,5SbYMzADNTSypp3CHqdt,,3Bp3hrg2a0RX8Mqo6Cj0,,5SbYMzADNTSypp3CHqdt,,TRUE
1csaxd1TrkcD5aNXmzeW,PO220930-7288,2024-06-17,2022-10-15,,,1,80,80,cancelledByVendor,delivery,2022-10-06,0,,OosAh6jwi62Cd5fvEZ8V,,j2o1LdybvFM5UvDkcGP6,,j2o1LdybvFM5UvDkcGP6,,TRUE
1jLddMx4ee7zx48vi4o1,230908-8056,2024-06-17,2023-09-23,,,3,196,196,cancelledByVendor,delivery,2023-09-12,0,,OosAh6jwi62Cd5fvEZ8V,,rjWT03Fscs4qvCFrcTqp,,rjWT03Fscs4qvCFrcTqp,,TRUE
1xbLxVutbMaeaFhqPrhM,PO220627-6216,2024-06-17,2022-07-12,,,1,96,96,cancelledByVendor,delivery,2022-06-30,0,,OosAh6jwi62Cd5fvEZ8V,,M6HsyHtBbU52nES1YTiz,,M6HsyHtBbU52nES1YTiz,,TRUE
2LonE6Az62E7jKVcnXBF,PO230615-3096,2024-06-17,2023-07-15,,,4,"120,5",122,cancelledByVendor,delivery,2023-06-23,10,,5b15DX79SPcNpUyi4uQ0,,ej7DzHTvjLhlzv9frJ1P,,ej7DzHTvjLhlzv9frJ1P,,TRUE
39saf8ws99ULjXh5rSiC,PO240513-0296,2024-06-17,2024-05-28,,,1,45,45,cancelledByCustomer,delivery,2024-05-18,0,,EdMFd8C4VuiQVRH7YPvk,,y8wifilUDIxGFzk61Inf,,y8wifilUDIxGFzk61Inf,,TRUE
3HXcRqTM9jxaBxgYxnpN,PO230209-9728,2024-06-17,2023-03-11,,,9,"367,25","367,25",cancelledByVendor,delivery,2023-02-15,,,96WfyBWlY4LIxh97AbYd,,XXFYWimSEqlKQ10nKlBg,,XXFYWimSEqlKQ10nKlBg,,TRUE
3h8ukgGNWocmHHuLcDsk,PO230818-4000,2024-06-17,2023-09-02,,,3,"91,67","91,67",cancelledByVendor,delivery,2023-08-23,,,96WfyBWlY4LIxh97AbYd,,k1aX5R8xFmVsZzsOf5BZ,,k1aX5R8xFmVsZzsOf5BZ,,TRUE
49Tc6SSjNwGi6jdYf0Yn,PO-000019,2024-06-17,2021-07-14,,,1,66,66,cancelledByVendor,delivery,2021-06-29,,,4NK5HrGBRsSOuU6DBpXX,,1xqK3yfuYjdPMMkmwnyn,,,,FALSE
4ATdrFRazrG66q56de67,230628-2160,2024-06-17,2023-07-28,,,6,"377,25","377,25",cancelledByVendor,delivery,2023-07-04,0,,OosAh6jwi62Cd5fvEZ8V,,LKcIpGMiK6kvzXPRnFFx,,LKcIpGMiK6kvzXPRnFFx,,TRUE
4Gjpuj7Yl1tswG4f6Xrh,PO-000002,2024-06-17,2021-10-26,,,3,111,111,cancelledByVendor,delivery,2021-10-15,0,,5bfmJqpmAAHRFyEckXDP,,,,,,FALSE
4nxC4JSusO8trVzkR8LG,240510-4080,2024-06-17,2024-05-25,,,2,"200,3","200,3",cancelledByVendor,delivery,2024-05-10,20,,OosAh6jwi62Cd5fvEZ8V,,DdCumyx81ilLByGwOoPo,,OosAh6jwi62Cd5fvEZ8V,,TRUE
5T3qAyl95PjAQOumcXJH,PO240527-4328,2024-06-17,2024-06-26,,,2,"28,5","28,5",cancelledByVendor,delivery,2024-05-28,0,,Wg0Ey5tINc9Me5HiUNxF,,cSOCu1o8SBbbhflMyatx,,Wg0Ey5tINc9Me5HiUNxF,,TRUE
5XA4WkVuKKZ2U2qrlTLS,PO240530-0456,2024-06-17,2024-06-13,,,1,"9,75","9,75",cancelledByVendor,pickup,2024-06-01,,,5SbYMzADNTSypp3CHqdt,,WeZ9pOUUBF3fFfGVoHIq,,WeZ9pOUUBF3fFfGVoHIq,,TRUE
5XZOiu7jy9KExD4Wx9l1,PO240208-9032,2024-06-17,2024-02-23,,,2,60,60,cancelledByVendor,delivery,2024-02-14,0,,KQHvMD1fQ7jPyrC5nWsK,,MAJHzPTN7jyGxofzl4kq,,MAJHzPTN7jyGxofzl4kq,,TRUE
5kbwnzRjPvPKCvxb9l0M,PO220806-5696,2024-06-17,2022-08-21,,,3,130,130,cancelledByCustomer,delivery,2022-08-10,0,,5bfmJqpmAAHRFyEckXDP,,BGEdTOa0gCR8VWJEAm5p,,BGEdTOa0gCR8VWJEAm5p,,TRUE
64S9MeAskCQwNoM1LPoZ,PO230911-7032,2024-06-17,2023-09-26,,,3,"95,2","95,2",cancelledByCustomer,pickup,2023-09-07,,,b9BfyQpyz5fxTBbguFU8,,,,,,FALSE
6WBpPTLN8QQ5fxMDQd5j,PO240528-6368,2024-06-17,2024-06-12,,,2,"647,5","647,5",cancelledByVendor,delivery,2024-06-04,0,,Wg0Ey5tINc9Me5HiUNxF,,,,Wg0Ey5tINc9Me5HiUNxF,,TRUE
7mzbDveF0XikUFkQjIHV,PO230620-7568,2024-06-17,2023-07-05,,,1,280,280,cancelledByVendor,delivery,2023-06-21,,,EdMFd8C4VuiQVRH7YPvk,,WxRQhwJRfjWH7yyN0J3g,,WxRQhwJRfjWH7yyN0J3g,,TRUE
7w9hLVEVYvmGe3shtgiq,PO220902-1272,2024-06-17,2022-09-17,,,1,"57,75","57,75",cancelledByCustomer,delivery,2022-09-08,0,,OosAh6jwi62Cd5fvEZ8V,,j2o1LdybvFM5UvDkcGP6,,j2o1LdybvFM5UvDkcGP6,,TRUE
8C7MKPCRWcSRoRYGreeU,PO220718-5432,2024-06-17,2022-08-17,,,5,"103,6","103,6",cancelledByVendor,delivery,2022-07-20,,,96WfyBWlY4LIxh97AbYd,,1xqK3yfuYjdPMMkmwnyn,,1xqK3yfuYjdPMMkmwnyn,,TRUE
8hF6x9FMZT4csg3FnZts,PO220803-4712,2024-06-17,2022-08-17,,,3,"222,5","222,5",cancelledByVendor,delivery,2022-08-08,0,,Twa8hckfedqpkTHtPmAx,,,,,,FALSE
8hHmR3D72GXSqmud9Ap1,PO230325-2128,2024-06-17,2023-04-09,,,8,357,357,cancelledByVendor,delivery,2023-03-30,0,,KQHvMD1fQ7jPyrC5nWsK,,wff3QDbtmySxiUgQiaR3,,wff3QDbtmySxiUgQiaR3,,TRUE
999Ok8x30E5HXzYN9VbY,PO-000015,2024-06-17,2021-07-21,,,1,300,300,cancelledByVendor,delivery,2021-06-22,,,4NK5HrGBRsSOuU6DBpXX,,,,,,FALSE
9byxhkUZ3MHWkzEJfExp,PO-000052,2024-06-17,2021-10-09,,,25,"460,85","460,85",cancelledByCustomer,delivery,2021-10-06,,,96WfyBWlY4LIxh97AbYd,,4uZwmjgqxKbD6xFoxs4S,,,,FALSE
ACcf5x7W7aOqW8zvSBBV,PO221121-7096,2024-06-17,2022-12-06,,,5,211,211,cancelledByVendor,delivery,2022-11-23,,,96WfyBWlY4LIxh97AbYd,,01vvuU5DBHzljemulhPS,,01vvuU5DBHzljemulhPS,,TRUE
Ad9v0FMcxc1OQ8Tj3VEf,PO230714-0536,2024-06-17,2023-07-28,,,2,"63,3","63,3",cancelledByVendor,pickup,2023-07-20,,,5SbYMzADNTSypp3CHqdt,,zUSbxmxRpdcgdKQPanB3,,zUSbxmxRpdcgdKQPanB3,,TRUE
AnCKRFYty0JWXI8pkmyX,230630-0696,2024-06-17,2023-07-15,,,3,188,188,cancelledByVendor,delivery,2023-07-04,0,,OosAh6jwi62Cd5fvEZ8V,,rjWT03Fscs4qvCFrcTqp,,rjWT03Fscs4qvCFrcTqp,,TRUE
Ar5sYNdPxQJa2nx1EajJ,PO220620-2552,2024-06-17,2022-07-05,,,1,120,120,cancelledByVendor,delivery,2022-06-30,0,,P0Iitacxyj2I5elzcMRX,,y8wifilUDIxGFzk61Inf,,y8wifilUDIxGFzk61Inf,,TRUE
BHcIvPptbVJWDkHv4I5E,F230716-2768,2024-06-17,2023-08-15,,,8,"59,5","59,5",cancelledByVendor,delivery,2023-07-19,0,,8ZfwHCX7pPG1WOcWJjps,,,,8ZfwHCX7pPG1WOcWJjps,,TRUE
BUoSRst7UxgUXQVrFGDK,PO-000027,2024-06-17,2022-01-02,,,5,"166,5","166,5",cancelledByCustomer,delivery,2021-12-16,,,2fnE1XiuRG39yBo7yB9S,,YW8LHoF2cZugS1w6vxm8,,,,FALSE
Bjm3JYUthzR3Xpg1RDRh,PO220902-1168,2024-06-17,2022-09-17,,,1,"57,75","57,75",cancelledByVendor,delivery,2022-09-08,0,,OosAh6jwi62Cd5fvEZ8V,,j2o1LdybvFM5UvDkcGP6,,j2o1LdybvFM5UvDkcGP6,,TRUE
C54kulEDzqChk8TWcGVf,PO-000002,2024-06-17,2021-10-19,,,1,132,132,cancelledByCustomer,delivery,2021-10-07,0,,BRaPGSah16nZ70FOSgPv,,bh84nWsl3E2DxVn6raBO,,,,FALSE
CX6EYGp6X4qUeSokqZyb,PO220928-2416,2024-06-17,2022-10-28,,,1,60,60,cancelledByVendor,delivery,2022-09-30,0,,WcFItrYB1u7l8TbljPxx,,1PfLddMfX9LrnyjEoTJi,,WcFItrYB1u7l8TbljPxx,,TRUE
Cin3y5qypv1aozLc1Ern,230707-3784,2024-06-17,2023-07-14,,,5,171,171,cancelledByVendor,delivery,2023-07-12,0,,OosAh6jwi62Cd5fvEZ8V,,pif4MhdMTcndgQuRtgvt,,pif4MhdMTcndgQuRtgvt,,TRUE
DI8L7XcapO21ZrHGBaST,PO220801-5224,2024-06-17,2022-08-16,,,5,"141,5","141,5",cancelledByVendor,delivery,2022-08-03,15,,5bfmJqpmAAHRFyEckXDP,,k7WDX6esUeJQsSLLYZXd,,k7WDX6esUeJQsSLLYZXd,,TRUE
DJHDNOzD1VUf1Ajlgqy6,PO231218-9904,2024-06-17,2024-01-01,,,1,270,270,cancelledByVendor,pickup,2023-12-24,,,5SbYMzADNTSypp3CHqdt,,TgnMntaXQmST6m6EYIvt,,TgnMntaXQmST6m6EYIvt,,TRUE
DUZ0wDNm9PLF7OVmL91a,PO230525-1264,2024-06-17,2023-06-09,,,2,230,230,cancelledByVendor,delivery,2023-05-26,,,KYlrIrQiq3F7kE7OViVn,,erNgwjdZmz6R4uJu2DZR,,erNgwjdZmz6R4uJu2DZR,,TRUE
DXmHGOIychcCmzvpqheE,PO-000001,2024-06-17,2022-02-12,,,1,80,80,cancelledByCustomer,delivery,2022-02-02,0,,GyCLmySQhyIAyVAWAYxw,,XXFYWimSEqlKQ10nKlBg,,,,FALSE
DjUCGt5sR6au4QOXi4M1,PO230213-9360,2024-06-17,2023-02-28,,,2,101,101,cancelledByCustomer,delivery,2023-02-15,,,96WfyBWlY4LIxh97AbYd,,01vvuU5DBHzljemulhPS,,01vvuU5DBHzljemulhPS,,TRUE
DqD4Feld90vSEzFoObIu,PO221031-7504,2024-06-17,2022-11-15,,,11,"163,5","163,5",cancelledByVendor,delivery,2022-11-02,15,,5bfmJqpmAAHRFyEckXDP,,G58WhpsgYj8zGM0iqGlK,,G58WhpsgYj8zGM0iqGlK,,TRUE
E16y28JrGzTRR20m5QVA,PO-000009,2024-06-17,2021-09-28,,,1,20,20,cancelledByVendor,delivery,2021-09-16,0,,b9BfyQpyz5fxTBbguFU8,,,,,,FALSE
E54CGMNtzHGl7MGRTXVn,PO230704-9920,2024-06-17,2023-07-19,,,4,"20,5","20,5",cancelledByVendor,pickup,2023-07-07,,,9RMSz3WXxOJBhcHJsiq0,,vdydZmV6qUumX97s8X0O,,vdydZmV6qUumX97s8X0O,,TRUE
EMaV81nbWVwHi6oPqhns,240508-2536,2024-06-17,2024-05-23,,,5,"233,4","233,4",cancelledByVendor,delivery,2024-05-10,20,,OosAh6jwi62Cd5fvEZ8V,,,,,,FALSE
GgrijI7dO9VpYEyyVdME,PO230612-1136,2024-06-17,2023-06-26,,,4,"10,35","10,35",cancelledByVendor,pickup,2023-06-16,,,5SbYMzADNTSypp3CHqdt,,0uqFctGwUvXJM3MR0zf0,,0uqFctGwUvXJM3MR0zf0,,TRUE
HHxaAXolrmt7gP7vmVp3,PO230306-5672,2024-06-17,2023-03-21,,,8,"321,2","321,2",cancelledByVendor,delivery,2023-03-09,0,,KQHvMD1fQ7jPyrC5nWsK,,wff3QDbtmySxiUgQiaR3,,wff3QDbtmySxiUgQiaR3,,TRUE
HSxBET0puR6PzkeWIx1A,PO230618-2688,2024-06-17,2023-07-03,,,1,"11,25","12,19",cancelledByVendor,delivery,2023-06-21,"7,5",,9RMSz3WXxOJBhcHJsiq0,,5t46Gd1zwnLUIjhUGPcw,,5t46Gd1zwnLUIjhUGPcw,,TRUE
HV7thzYTDaVOKbE1RJpv,PO-000001,2024-06-17,2022-03-29,,,10,138,138,cancelledByVendor,delivery,2022-04-03,,,9RMSz3WXxOJBhcHJsiq0,,G58WhpsgYj8zGM0iqGlK,,,,FALSE
Heida2Tf2YkBS9nC7YuS,PO-000001,2024-06-17,2021-05-29,,,4,"70,17","70,17",cancelledByVendor,delivery,2021-06-02,,,1QEz84NbcXp0r7dHxH59,,,,,,FALSE
Hopo9smYgLjSg0JfxZzs,PO230620-4184,2024-06-17,2023-07-05,,,1,85,85,cancelledByVendor,delivery,2023-06-21,15,,EdMFd8C4VuiQVRH7YPvk,,ej7DzHTvjLhlzv9frJ1P,,ej7DzHTvjLhlzv9frJ1P,,TRUE
ISPKsRGqe5OgzL6UwD04,PO220921-3008,2024-06-17,2022-10-21,,,4,150,150,cancelledByVendor,delivery,2022-09-29,0,,WcFItrYB1u7l8TbljPxx,,LKcIpGMiK6kvzXPRnFFx,,WcFItrYB1u7l8TbljPxx,,TRUE
IyookwoVy6fbyrWdJS8i,PO230828-2936,2024-06-17,2023-09-12,,,1,96,96,cancelledByVendor,delivery,2023-08-30,,,9RMSz3WXxOJBhcHJsiq0,,xeq84PuiWTOQsWnysY92,,xeq84PuiWTOQsWnysY92,,TRUE
KF7BYfVzsFvrRiLm1aOH,PO-000002,2024-06-17,2022-03-11,,,3,444,"445,5",cancelledByVendor,delivery,2022-03-08,0,,YiTuoGRDj4cC9OsT0jii,,,,,,FALSE
KQMhEit49AWLqXmRtpPm,PO231204-6928,2024-06-17,2023-12-09,,,3,"221,25","221,25",cancelledByVendor,delivery,2023-11-11,0,,0YqogYyZYUbd5M4JMbzL,,,,0YqogYyZYUbd5M4JMbzL,,TRUE
KxuXV74ubk3c1dh9Vbgp,PO-000155,2024-06-17,2021-10-16,,,4,"167,5","167,5",cancelledByCustomer,delivery,2021-09-23,,,2fnE1XiuRG39yBo7yB9S,,,,,,FALSE
LUTn6r1W0Xq7Qgn8vXqR,PO-000034,2024-06-17,2021-12-28,,,3,"89,75","89,75",cancelledByVendor,delivery,2021-12-15,15,,5bfmJqpmAAHRFyEckXDP,,oWkkYBQOOPAQdOI0O6NK,,,,FALSE
M4dOLOCA0tXR6w9z0Rmk,PO230428-4152,2024-06-17,2023-05-28,,,2,308,308,cancelledByVendor,delivery,2023-05-02,20,,OosAh6jwi62Cd5fvEZ8V,,DdCumyx81ilLByGwOoPo,,DdCumyx81ilLByGwOoPo,,TRUE
Mu8bA22UaP3TWxdChj9h,PO230821-6496,2024-06-17,2023-09-05,,,3,"256,5","256,5",cancelledByVendor,delivery,2023-08-23,,,9RMSz3WXxOJBhcHJsiq0,,xeq84PuiWTOQsWnysY92,,xeq84PuiWTOQsWnysY92,,TRUE
OS9QCMF64cYDRB1C8n75,PO240529-4728,2024-06-17,2024-06-28,,,2,630,630,cancelledByVendor,delivery,2024-06-04,0,,Wg0Ey5tINc9Me5HiUNxF,,,,Wg0Ey5tINc9Me5HiUNxF,,TRUE
OSD95b8lYMDfAg5HnY0N,PO240513-0648,2024-06-17,2024-05-28,,,1,45,45,cancelledByVendor,delivery,2024-05-18,0,,EdMFd8C4VuiQVRH7YPvk,,9NjpBTaghK5cWph9I1IC,,9NjpBTaghK5cWph9I1IC,,TRUE
OY09zBUtwNEe5ZJZ4BNq,PO-000163,2024-06-17,2021-10-20,,,9,"306,87","306,87",cancelledByVendor,delivery,2021-09-23,,,2fnE1XiuRG39yBo7yB9S,,3N6wNZs7BBGG28z4ax1b,,,,FALSE
PN0Yl0GeY0OOmBfnykRP,PO230418-2488,2024-06-17,2023-05-03,,,6,225,225,cancelledByVendor,delivery,2023-04-20,0,,KQHvMD1fQ7jPyrC5nWsK,,wff3QDbtmySxiUgQiaR3,,wff3QDbtmySxiUgQiaR3,,TRUE
Py2woDe8fOANwpBckvT6,PO-000022,2024-06-17,2021-12-03,,,14,"355,5","355,5",cancelledByCustomer,delivery,2021-11-24,15,,5bfmJqpmAAHRFyEckXDP,,4uZwmjgqxKbD6xFoxs4S,,,,FALSE
Q8fwWh8eBARplgRkGJLL,PO-000006,2024-06-17,2021-09-16,,,4,"67,5","67,5",cancelledByCustomer,delivery,2021-09-08,0,,b9BfyQpyz5fxTBbguFU8,,VUBkWAvqyYfQ660odGl9,,,,FALSE
Qo5aRtvU9cK60AQKC1vm,PO-000001,2024-06-17,2021-06-14,,,8,"121,25","121,25",cancelledByVendor,delivery,2021-06-17,10,,2fnE1XiuRG39yBo7yB9S,,HkBtbxVb3rfH9awh5XKL,,,,FALSE
RTarlJgC4xAbZoCL2XWu,PO-000003,2024-06-17,2022-04-23,,,1,40,40,cancelledByCustomer,delivery,2022-04-13,0,,GyCLmySQhyIAyVAWAYxw,,1jv3zCpNb7lsbzdktWXs,,,,FALSE
RWSvpAAapX0u3Igc2WM3,PO231031-1648,2024-06-17,2023-11-15,,,5,113,113,cancelledByVendor,pickup,2023-11-08,,,mCKuyiXCU4pxAzXeTLqY,,3t5eiX9qJOqKN3lVEKUL,,3t5eiX9qJOqKN3lVEKUL,,TRUE
RafZnq8No4qA74QPVU0E,PO240513-2264,2024-06-17,2024-05-28,,,1,90,90,cancelledByVendor,delivery,2024-05-18,0,,EdMFd8C4VuiQVRH7YPvk,,y8wifilUDIxGFzk61Inf,,y8wifilUDIxGFzk61Inf,,TRUE
SCSVIeJt8EqPgTW9Lg7j,PO231020-9440,2024-06-17,2023-10-25,,,2,"466,25","466,25",cancelledByVendor,pickup,2023-10-22,,,0YqogYyZYUbd5M4JMbzL,,,,0YqogYyZYUbd5M4JMbzL,,TRUE
Sgf0GxBTaidb7QzEOymA,PO230411-8048,2024-06-17,2023-04-26,,,2,"52,5","52,5",cancelledByVendor,delivery,2023-04-13,,,KYlrIrQiq3F7kE7OViVn,,Alfk0rtkXCazOYfEOwPT,,Alfk0rtkXCazOYfEOwPT,,TRUE
SkNTZxf94uNGlh8vhxQS,PO220524-2560,2024-06-17,2022-06-07,,,1,243,243,cancelledByVendor,delivery,2022-05-27,,,7EgGwqYYOZYDxoWiXG57,,M8GD8X70D3OKQB11psNm,,,,FALSE
SpNJwb3fbHHToVmfXY2X,240604-9712,2024-06-17,2024-06-19,,,4,"172,5","172,5",cancelledByVendor,delivery,2024-06-07,10,,OosAh6jwi62Cd5fvEZ8V,,3N6wNZs7BBGG28z4ax1b,,3N6wNZs7BBGG28z4ax1b,,TRUE
TFDlmO6w0oHlf6uYYV4h,PO230420-6856,2024-06-17,2023-05-05,,,2,"766,7","766,7",cancelledByVendor,delivery,2023-04-27,,,bpoJsu8mGs8pwSd9f3Iy,,,,,,FALSE
TtwIbASmu0ZdpK01G8sB,PO-000006,2024-06-17,2022-05-03,,,4,"85,01","85,01",cancelledByVendor,delivery,2022-04-20,,,1QEz84NbcXp0r7dHxH59,,bh84nWsl3E2DxVn6raBO,,,,FALSE
USi51nU4jDeH1k6LfVak,PO220620-5896,2024-06-17,2022-07-05,,,1,200,200,cancelledByVendor,pickup,2022-06-22,,,WcFItrYB1u7l8TbljPxx,,YCwlCHfk35AKrpuwfuMC,,YCwlCHfk35AKrpuwfuMC,,TRUE
UW02DzFHEw1NWhgqXGip,PO230313-7288,2024-06-17,2023-03-28,,,1,"42,5","42,5",cancelledByCustomer,delivery,2023-03-15,20,,96WfyBWlY4LIxh97AbYd,,K8CnpBgvBdcsNzKsocDp,,K8CnpBgvBdcsNzKsocDp,,TRUE
UsfsmmYmKsAwiCX5dNAJ,PO-000052,2024-06-17,2021-10-27,,,2,75,75,cancelledByVendor,delivery,2021-10-01,,,4NK5HrGBRsSOuU6DBpXX,,Hf68LT9VWlD13M0uSDZX,,,,FALSE
V9Nb392eQ043KQZafvdn,PO-000001,2024-06-17,2021-09-07,,,4,"184,45","184,45",cancelledByVendor,delivery,2021-08-25,,,b9BfyQpyz5fxTBbguFU8,,,,,,FALSE
VARohZYl4284bwfcRsCA,PO221108-4760,2024-06-17,2022-11-23,,,4,"103,6","103,6",cancelledByVendor,delivery,2022-11-09,15,,5bfmJqpmAAHRFyEckXDP,,Alfk0rtkXCazOYfEOwPT,,Alfk0rtkXCazOYfEOwPT,,TRUE
WAGy1b5mWOwbAM50nEpL,PO-000035,2024-06-17,2022-01-04,,,3,123,123,cancelledByVendor,delivery,2021-12-22,15,,5bfmJqpmAAHRFyEckXDP,,,,,,FALSE
Wg0fj22qbTvek0Hxjmtm,,2024-06-17,2021-12-02,,,12,"155,5","155,5",cancelledByCustomer,delivery,2021-11-04,,,2fnE1XiuRG39yBo7yB9S,,,,,,FALSE
Wi4E18Lj3awR9tBZqyM5,PO220729-5496,2024-06-17,2022-08-28,,,5,"916,5","916,5",cancelledByVendor,delivery,2022-08-04,0,,OosAh6jwi62Cd5fvEZ8V,,4yrii8tdlmMFhSyH85dB,,4yrii8tdlmMFhSyH85dB,,TRUE
WpCnKDrEjfm9o76EkPED,PO230222-0120,2024-06-17,2023-03-09,,,3,115,115,cancelledByVendor,delivery,2023-03-02,0,,KQHvMD1fQ7jPyrC5nWsK,,wff3QDbtmySxiUgQiaR3,,wff3QDbtmySxiUgQiaR3,,TRUE
X4MfuYsJL2Ul6N5ph6SK,PO220916-3064,2024-06-17,2022-10-01,,,1,"1,9","1,9",cancelledByVendor,delivery,2022-09-16,0,,cMU8oxxvoIYn85Ok0nIa,,,,cMU8oxxvoIYn85Ok0nIa,,TRUE
Y7pd5O6F9YfpWG4I9QOS,230629-7144,2024-06-17,2023-07-06,,,2,"219,86","219,86",cancelledByVendor,delivery,2023-07-04,0,,OosAh6jwi62Cd5fvEZ8V,,DdCumyx81ilLByGwOoPo,,OosAh6jwi62Cd5fvEZ8V,,TRUE
ZaEMv23DzJgRPhPi9gBu,PO240123-2984,2024-06-17,2024-02-07,,,7,561,561,cancelledByVendor,delivery,2024-01-25,0,,KQHvMD1fQ7jPyrC5nWsK,,yMtx9OCrdMIQKuei5zmB,,yMtx9OCrdMIQKuei5zmB,,TRUE
ZfLTNuiFDjilxnNsDfCa,PO-000003,2024-06-17,2020-11-30,,,1,40,40,cancelledByCustomer,delivery,2020-12-29,0,,oNCxXdJ88T7aEWzhTFvM,,,,,,FALSE
ZlmXXHfBzqajWVH3kNxZ,230607-0672,2024-06-17,2023-06-14,,,4,190,190,cancelledByVendor,delivery,2023-06-09,0,,OosAh6jwi62Cd5fvEZ8V,,j2o1LdybvFM5UvDkcGP6,,j2o1LdybvFM5UvDkcGP6,,TRUE
a82l8PEYAYdHQ1QVs0lr,230724-1328,2024-06-17,2023-07-31,,,5,"198,4","198,4",cancelledByVendor,delivery,2023-07-26,0,,OosAh6jwi62Cd5fvEZ8V,,pif4MhdMTcndgQuRtgvt,,pif4MhdMTcndgQuRtgvt,,TRUE
aRRFv5RVJrqBD9HHzASv,PO220731-6880,2024-06-17,2022-08-15,,,17,"139,18","140,68",cancelledByCustomer,delivery,2022-08-12,10,,De0LQFAAw6JiFjMTbVuV,,ZDiACrQIajuAaQlDwlaH,,ZDiACrQIajuAaQlDwlaH,,TRUE
c5rjQ8HuY558hQywb1yN,PO230421-0408,2024-06-17,2023-05-21,,,5,300,300,cancelledByVendor,delivery,2023-04-27,0,,OosAh6jwi62Cd5fvEZ8V,,DdCumyx81ilLByGwOoPo,,OosAh6jwi62Cd5fvEZ8V,,TRUE
c64O8esbF939JrfyTI02,PO240528-2584,2024-06-17,2024-06-27,,,13,"118,5","118,5",cancelledByVendor,delivery,2024-06-04,0,,Wg0Ey5tINc9Me5HiUNxF,,cSOCu1o8SBbbhflMyatx,,cSOCu1o8SBbbhflMyatx,,TRUE
cKHSo3iyO2B0sUVQfb48,PO240617-4176,2024-06-17,2024-07-01,,,1,130,130,cancelledByVendor,pickup,2024-06-21,,9,5SbYMzADNTSypp3CHqdt,,kPR5gdiIWhU83HolpuPz,,kPR5gdiIWhU83HolpuPz,,TRUE
cMk8SOtg5PGOgTia8cYH,PO-000003,2024-06-17,2021-09-08,,,1,44,44,cancelledByVendor,delivery,2021-08-26,0,,b9BfyQpyz5fxTBbguFU8,,,,,,FALSE
dGdH3gcQbLoXqA9GRUls,PO-000039,2024-06-17,2022-03-08,,,5,"88,25","88,25",cancelledByCustomer,delivery,2022-02-23,15,,5bfmJqpmAAHRFyEckXDP,,G58WhpsgYj8zGM0iqGlK,,,,FALSE
dU7pN3XvKfvo2vsjslWv,PO230725-9128,2024-06-17,2023-08-09,,,4,95,95,cancelledByVendor,delivery,2023-07-26,,,96WfyBWlY4LIxh97AbYd,,Lg0C1CaopJF68qFCQjd7,,Lg0C1CaopJF68qFCQjd7,,TRUE
dkXdWuBajExawcz17u9t,PO-000002,2024-06-17,2021-12-22,,,2,"95,76","95,76",cancelledByVendor,delivery,2021-11-30,,,lXTwBXZCccfVtkr55giP,,W8SkBnbSvBTdeQeTVZrN,,,,FALSE
dz6Yw7fH3tdEzf9IAnnI,PO-000098,2024-06-17,2021-09-15,,,10,"474,06","474,06",cancelledByVendor,delivery,2021-08-19,,,2fnE1XiuRG39yBo7yB9S,,,,,,FALSE
e5lF22SkcSbG0EGxZU9V,PO240502-5888,2024-06-17,2024-05-17,,,3,"77,5","77,5",cancelledByVendor,delivery,2024-05-22,0,,KQHvMD1fQ7jPyrC5nWsK,,3NroKkFtbGkcG5UqjMoA,,3NroKkFtbGkcG5UqjMoA,,TRUE
eEM2xRAtbwrxtaCSn1yZ,PO-000002,2024-06-17,2022-03-13,,,1,18,18,cancelledByVendor,delivery,2022-02-25,0,,5FNIS4eo7BI21FGxstpx,,bjIzI3whOtyyZi4FX8pf,,,,FALSE
eNG21eha9IWNRj18KbPW,PO-000020,2024-06-17,2021-07-20,,,7,"78,5","78,5",cancelledByVendor,delivery,2021-07-07,,,96WfyBWlY4LIxh97AbYd,,,,,,FALSE
edu7mXR07R7uk0uUfzjO,240521-9920,2024-06-17,2024-06-05,,,5,219,219,cancelledByVendor,delivery,2024-05-28,20,,OosAh6jwi62Cd5fvEZ8V,,3eUjyaYNteevqxIDarjQ,,3eUjyaYNteevqxIDarjQ,,TRUE
f8CgoZCvXh1YTLalqKVf,PO230918-7000,2024-06-17,2023-10-03,,,2,210,210,cancelledByCustomer,pickup,2023-09-20,,,D1p7dVRnfLnGH6oYekFm,,DLmLbdpvddd4OXpW9Ewv,,D1p7dVRnfLnGH6oYekFm,,TRUE
fJ2IgPRhwM7ymqZfGPLn,PO231229-0736,2024-06-17,2024-01-12,,,1,"303,5","304,4",cancelledByVendor,delivery,2024-01-11,6,,5SbYMzADNTSypp3CHqdt,,6j8JCZkcUN7Agv59Pqe3,,5SbYMzADNTSypp3CHqdt,,TRUE
fdLE3siLo958n5cPHNuL,PO220730-9920,2024-06-17,2022-08-14,,,2,114,114,cancelledByCustomer,delivery,2022-08-03,0,,5bfmJqpmAAHRFyEckXDP,,BGEdTOa0gCR8VWJEAm5p,,BGEdTOa0gCR8VWJEAm5p,,TRUE
g7af08JVvIQibjTz9M9J,PO230505-5416,2024-06-17,2023-05-19,,,3,"89,5","89,5",cancelledByCustomer,delivery,2023-05-10,,,96WfyBWlY4LIxh97AbYd,,wRymF2HMwVQEoJuDSred,,wRymF2HMwVQEoJuDSred,,TRUE
gotVsd2mQDrgHcjLt59C,PO230210-5024,2024-06-17,2023-03-12,,,8,287,287,cancelledByVendor,delivery,2023-02-15,,,96WfyBWlY4LIxh97AbYd,,XXFYWimSEqlKQ10nKlBg,,XXFYWimSEqlKQ10nKlBg,,TRUE
hHT3jLVVuviO6icAJKNB,PO240413-3560,2024-06-17,2024-04-28,,,1,55,55,cancelledByVendor,delivery,2024-04-17,0,,KQHvMD1fQ7jPyrC5nWsK,,3NroKkFtbGkcG5UqjMoA,,3NroKkFtbGkcG5UqjMoA,,TRUE
hSMRe3hPKo0plnuUlP7j,PO221224-7304,2024-06-17,2023-01-08,,,9,"428,18","428,18",cancelledByVendor,delivery,2023-01-04,,,kL7iDLy4sjqAEwmPrj3I,,G58WhpsgYj8zGM0iqGlK,,G58WhpsgYj8zGM0iqGlK,,TRUE
i5U2ZM9Let5KNgLe3mj8,230630-0304,2024-06-17,2023-07-07,,,3,"83,9","83,9",cancelledByVendor,delivery,2023-07-04,0,,OosAh6jwi62Cd5fvEZ8V,,k1aX5R8xFmVsZzsOf5BZ,,k1aX5R8xFmVsZzsOf5BZ,,TRUE
iGKjQzM6Kg8Lrf2hDxkT,PO230528-4080,2024-06-17,2023-06-12,,,5,"201,5","201,5",cancelledByVendor,delivery,2023-05-31,,,HFG7Xd4AF6X4hjclto0K,,,,,,FALSE
j3C8T2LqIiHC8lxLlzo3,PO240209-2784,2024-06-17,2024-02-23,,,2,"86,4","86,4",cancelledByVendor,pickup,2024-02-13,,,5SbYMzADNTSypp3CHqdt,,TTij3aVJEo1crZBTESoA,,TTij3aVJEo1crZBTESoA,,TRUE
jz9woNyTvraeUZ6nEvRr,PO230624-1768,2024-06-17,2023-07-09,,,9,"423,45","423,45",cancelledByVendor,delivery,2023-07-05,,,kL7iDLy4sjqAEwmPrj3I,,G58WhpsgYj8zGM0iqGlK,,G58WhpsgYj8zGM0iqGlK,,TRUE
kFqaWxiKv4IpFTxz9cKz,PO230725-1192,2024-06-17,2023-08-09,,,3,"121,26","121,26",cancelledByVendor,delivery,2023-07-29,20,,9v5o7nYtxHRr8wgwzc09,,enz0G1dXOsdkUgqhWJzD,,enz0G1dXOsdkUgqhWJzD,,TRUE
kJt2qe0aUeEpAUofb9ok,240508-8712,2024-06-17,2024-05-23,,,7,"528,95","528,95",cancelledByVendor,delivery,2024-05-10,,,OosAh6jwi62Cd5fvEZ8V,,,,,,FALSE
kVjzvT1ZrNcwslDxSyZd,PO-000005,2024-06-17,2022-02-16,,,5,"73,77","73,77",cancelledByVendor,delivery,2022-02-09,,,1QEz84NbcXp0r7dHxH59,,bh84nWsl3E2DxVn6raBO,,,,FALSE
kW2L96Prn5Uj36NbVYVS,PO220916-8392,2024-06-17,2022-10-01,,,1,2,2,cancelledByVendor,delivery,2022-09-16,0,,cMU8oxxvoIYn85Ok0nIa,,,,cMU8oxxvoIYn85Ok0nIa,,TRUE
lX0kBBC77350osF3A3PP,PO240528-4704,2024-06-17,2024-06-27,,,2,"8,8","8,8",cancelledByCustomer,delivery,2024-06-04,0,,Wg0Ey5tINc9Me5HiUNxF,,cSOCu1o8SBbbhflMyatx,,cSOCu1o8SBbbhflMyatx,,TRUE
lYm4a6AoTbEqm0kdF0Z5,PO240401-5376,2024-06-17,2024-05-01,,,2,156,156,cancelledByVendor,delivery,2024-04-03,,,96WfyBWlY4LIxh97AbYd,,IV7TW978aIOWyrr1P8cG,,IV7TW978aIOWyrr1P8cG,,TRUE
mJPIGqWF320amrYrOdwu,PO231016-9152,2024-06-17,2023-10-31,,,4,"160,5","160,5",cancelledByVendor,delivery,2023-10-19,,,9RMSz3WXxOJBhcHJsiq0,,g23vOGRxQiY2ciZ6v0qw,,g23vOGRxQiY2ciZ6v0qw,,TRUE
mnwdFoBNQLP9qcjRnyxk,PO230425-0672,2024-06-17,2023-05-10,,,2,"34,87","34,87",cancelledByCustomer,delivery,2023-04-29,0,,JqGLHEsc1PhtJ6VCIpyi,,,,,,FALSE
n7TbC0lo55IK5utu1dvj,PO-000206,2024-06-17,2021-11-17,,,5,120,120,cancelledByCustomer,delivery,2021-10-21,10,,2fnE1XiuRG39yBo7yB9S,,bzhP3T3xLsB5H7t27eXc,,,,FALSE
nNyb3vJWmsNwThqXySpB,PO240407-7632,2024-06-17,2024-04-22,,,4,"53,4","53,4",cancelledByVendor,delivery,2024-04-10,0,,KQHvMD1fQ7jPyrC5nWsK,,3NroKkFtbGkcG5UqjMoA,,3NroKkFtbGkcG5UqjMoA,,TRUE
o9P6ikeA4A6io1apKoR6,PO230119-6488,2024-06-17,2023-02-03,,,5,"299,91","299,91",cancelledByCustomer,delivery,2023-01-25,0,,ZfRFntWrU5zvo8gnz7ZJ,,bjIzI3whOtyyZi4FX8pf,,bjIzI3whOtyyZi4FX8pf,,TRUE
oNsYVovo18hjqjgvOmAF,PO-000001,2024-06-17,2021-11-27,,,1,"108,4","108,4",cancelledByVendor,delivery,2021-11-18,,,fkcl4ulHfy4OYTiq6jY3,,4uZwmjgqxKbD6xFoxs4S,,,,FALSE
otIrSHCkxCYtl52J5zlF,PO-000001,2024-06-17,2021-11-03,,,2,"95,76","95,76",cancelledByVendor,delivery,2021-10-13,,,lXTwBXZCccfVtkr55giP,,jMnGfBkwn6XFacanPWbO,,,,FALSE
pGfv7d8ui4oF0eTAnlcx,PO230801-0768,2024-06-17,2023-08-16,,,1,400,400,cancelledByCustomer,pickup,2023-08-02,,,D1p7dVRnfLnGH6oYekFm,,DLmLbdpvddd4OXpW9Ewv,,DLmLbdpvddd4OXpW9Ewv,,TRUE
rEtKBRdiA1jUEqSjnXi7,PO240528-3032,2024-06-17,2024-06-27,,,7,"103,5","103,5",cancelledByCustomer,delivery,2024-06-04,0,,Wg0Ey5tINc9Me5HiUNxF,,cSOCu1o8SBbbhflMyatx,,cSOCu1o8SBbbhflMyatx,,TRUE
rMwd8gZBjOrVqd0jrFQw,PO221021-5192,2024-06-17,2022-11-05,,,3,110,110,cancelledByVendor,delivery,2022-10-27,0,,KQHvMD1fQ7jPyrC5nWsK,,XXFYWimSEqlKQ10nKlBg,,XXFYWimSEqlKQ10nKlBg,,TRUE
rNEwkKBLwPul0utAoK6x,230626-1552,2024-06-17,2023-07-03,,,2,162,162,cancelledByVendor,delivery,2023-07-04,0,,OosAh6jwi62Cd5fvEZ8V,,DdCumyx81ilLByGwOoPo,,DdCumyx81ilLByGwOoPo,,TRUE
rSDEWoWGDCyb8U0f7lZs,PO-000015,2024-06-17,2021-10-21,,,3,141,141,cancelledByCustomer,delivery,2021-11-04,0,,xNtjzzMTE4Jfvrml7yaw,,dUyhWhwpMUpHfTDsEUus,,,,FALSE
rcxvb353e2GF3pj1HKfL,PO231031-0784,2024-06-17,2023-11-14,,,3,"162,6","162,6",cancelledByVendor,pickup,2023-11-02,,,5SbYMzADNTSypp3CHqdt,,zUSbxmxRpdcgdKQPanB3,,zUSbxmxRpdcgdKQPanB3,,TRUE
rdC47vNxobMu6WGH6oyl,PO221006-7440,2024-06-17,2022-11-05,,,2,126,126,cancelledByVendor,delivery,2022-10-13,0,,OosAh6jwi62Cd5fvEZ8V,,LKcIpGMiK6kvzXPRnFFx,,LKcIpGMiK6kvzXPRnFFx,,TRUE
rpCaSGifT9pI75ncjbYv,PO230605-9184,2024-06-17,2023-06-19,,,1,"16,5","17,4",cancelledByVendor,delivery,2023-06-07,6,,5SbYMzADNTSypp3CHqdt,,LKFpujBziDxeVDbV5uO1,,5SbYMzADNTSypp3CHqdt,,TRUE
rtk7m2zzzMKMfN5HNWvW,PO220826-8344,2024-06-17,2022-09-25,,,2,"149,28","149,28",cancelledByVendor,delivery,2022-08-30,,,lXTwBXZCccfVtkr55giP,,XQ2IoTsjToBM5GfqHoeW,,,,FALSE
s31MQXnFD3AjkysWYd6I,PO230706-0224,2024-06-17,2023-07-21,,,8,"49,75","49,75",cancelledByVendor,pickup,2023-07-08,,,9RMSz3WXxOJBhcHJsiq0,,guKFKb8u6PAwUuSdVvJq,,guKFKb8u6PAwUuSdVvJq,,TRUE
sOAxHZZeNyD8QsCFsvZe,PO220916-5608,2024-06-17,2022-10-01,,,1,"1,9","1,9",cancelledByVendor,delivery,2022-09-17,0,,cMU8oxxvoIYn85Ok0nIa,,,,cMU8oxxvoIYn85Ok0nIa,,TRUE
tLw4k1jTO0nCXqUA1yWr,PO220502-0632,2024-06-17,2022-05-17,,,4,282,282,cancelledByVendor,delivery,2022-05-05,0,,pnuZvQdo57xLhdwSHviS,,4IBKbfJGG5Z1DEx7CEP2,,4IBKbfJGG5Z1DEx7CEP2,,TRUE
tUXp5x92QPNp1TpBGjek,PO220911-8136,2024-06-17,2022-09-26,,,9,"402,62","402,62",cancelledByVendor,delivery,2022-09-21,,,kL7iDLy4sjqAEwmPrj3I,,G58WhpsgYj8zGM0iqGlK,,G58WhpsgYj8zGM0iqGlK,,TRUE
tdpZGjGRgRS8F0g8imt8,PO221031-9000,2024-06-17,2022-11-30,,,2,0,0,cancelledByVendor,pickup,2022-10-31,,17,WcFItrYB1u7l8TbljPxx,,cqL1UymTVbNtGL7cyhR2,,WcFItrYB1u7l8TbljPxx,,TRUE
tec1oLGnQTSNGM3bhxIT,231214-5288,2024-06-17,2023-12-21,,,6,"363,65","363,65",cancelledByVendor,delivery,2023-12-19,,,OosAh6jwi62Cd5fvEZ8V,,DdCumyx81ilLByGwOoPo,,DdCumyx81ilLByGwOoPo,,TRUE
tmrJvfwaX9hsIlRCspiM,PO-000025,2024-06-17,2021-12-07,,,7,100,100,cancelledByCustomer,delivery,2021-11-25,0,,5bfmJqpmAAHRFyEckXDP,,BGEdTOa0gCR8VWJEAm5p,,,,FALSE
u9zBwBg8VTjeRL01Kelq,PO220712-6336,2024-06-17,2022-07-27,,,2,"45,9","45,9",cancelledByVendor,delivery,2022-07-14,0,,b9BfyQpyz5fxTBbguFU8,,,,b9BfyQpyz5fxTBbguFU8,,TRUE
uHrGbz2AFFdjhu85q7sm,PO-000095,2024-06-17,2022-01-05,,,1,90,90,cancelledByCustomer,delivery,2021-12-08,,,96WfyBWlY4LIxh97AbYd,,1xqK3yfuYjdPMMkmwnyn,,1xqK3yfuYjdPMMkmwnyn,,TRUE
ua2DUOTkMAPXMKSAmo1E,PO-000001,2024-06-17,2022-04-21,,,3,1327,1327,cancelledByVendor,delivery,2022-06-15,15,,jBvf2RQNcEuT3PkwCJ73,,,,,,FALSE
uf5Ya2jh84gIxN3dwv5P,PO240614-2312,2024-06-17,2024-06-27,,,3,"17,85","17,85",cancelledByCustomer,pickup,2024-06-15,,2,5SbYMzADNTSypp3CHqdt,,WeZ9pOUUBF3fFfGVoHIq,,WeZ9pOUUBF3fFfGVoHIq,,TRUE
uzMAcdP52er9zZLJNv6D,,2024-06-17,2021-12-03,,,7,"271,35","271,35",cancelledByCustomer,delivery,2021-11-23,0,,5bfmJqpmAAHRFyEckXDP,,eYgHFFYXWX6bZ27RAxsk,,,,FALSE
vjE9uBAym5Sq0BOaqCI7,PO220613-6520,2024-06-17,2022-06-28,,,1,"107,5",109,cancelledByCustomer,delivery,2022-06-17,10,,De0LQFAAw6JiFjMTbVuV,,kPR5gdiIWhU83HolpuPz,,kPR5gdiIWhU83HolpuPz,,TRUE
vrtKZR4UCcljCcKAnajv,PO240424-4592,2024-06-17,2024-05-09,,,1,60,60,cancelledByVendor,delivery,2024-05-01,0,,KQHvMD1fQ7jPyrC5nWsK,,3NroKkFtbGkcG5UqjMoA,,3NroKkFtbGkcG5UqjMoA,,TRUE
vslFnJzVakzK9rKu4fjR,PO-000003,2024-06-17,2021-12-08,,,7,281,281,cancelledByVendor,delivery,2021-11-11,,,2fnE1XiuRG39yBo7yB9S,,y8wifilUDIxGFzk61Inf,,,,FALSE
x7xLYoFieHHKm1TiWriF,230617-6008,2024-06-17,2023-06-24,,,6,"182,5","182,5",cancelledByVendor,delivery,2023-06-20,0,,OosAh6jwi62Cd5fvEZ8V,,pif4MhdMTcndgQuRtgvt,,pif4MhdMTcndgQuRtgvt,,TRUE
xKnZEPXadfGEfUwVbmUx,PO220921-2184,2024-06-17,2022-10-21,,,3,145,145,cancelledByVendor,delivery,2022-09-29,0,,WcFItrYB1u7l8TbljPxx,,WyHbReCeoyAtXVP2K7pg,,WcFItrYB1u7l8TbljPxx,,TRUE
xTj0OelP0jWLfLaEhg8f,PO230130-9744,2024-06-17,2023-02-13,,,1,"202,5","202,5",cancelledByVendor,pickup,2023-01-04,,,5SbYMzADNTSypp3CHqdt,,TgnMntaXQmST6m6EYIvt,,5SbYMzADNTSypp3CHqdt,,TRUE
xX15FkbJUuyTdcM9aIFv,PO220818-7064,2024-06-17,2022-09-17,,,1,100,100,cancelledByVendor,pickup,2022-08-19,,,WcFItrYB1u7l8TbljPxx,,,,WcFItrYB1u7l8TbljPxx,,TRUE
yYpfRYzEawFkq3MlsEYe,F230716-0808,2024-06-17,2023-08-15,,,4,"113,5","113,5",cancelledByCustomer,delivery,2023-07-19,,,8ZfwHCX7pPG1WOcWJjps,,,,8ZfwHCX7pPG1WOcWJjps,,TRUE
zMZIX0mTDlFoqQa1jUeA,PO230403-3296,2024-06-17,2023-04-18,,,2,"49,55","49,55",cancelledByCustomer,delivery,2023-04-08,0,,JqGLHEsc1PhtJ6VCIpyi,,,,,,FALSE
zgriS0rvHoinxT4ylQHM,PO220916-2160,2024-06-17,2022-10-01,,,1,2,2,cancelledByVendor,delivery,2022-09-17,0,,cMU8oxxvoIYn85Ok0nIa,,,,cMU8oxxvoIYn85Ok0nIa,,TRUE
zrr55kqUWDPQtBvkJpyI,PO230707-5056,2024-06-17,2023-07-21,,,1,144,144,cancelledByVendor,pickup,2023-07-15,,,5SbYMzADNTSypp3CHqdt,,kPR5gdiIWhU83HolpuPz,,kPR5gdiIWhU83HolpuPz,,TRUE
MsKpruksm6ozUW00Q7Dl,240614-2000,2024-06-19,2024-06-29,,,5,"200,17","200,17",cancelledByVendor,delivery,2024-06-18,0,,hGJxqoT0B35ADXe0CGso,,k1aX5R8xFmVsZzsOf5BZ,,k1aX5R8xFmVsZzsOf5BZ,,TRUE
91S0eQuzmv1efwG8W4Wk,PO240620-6224,2024-06-21,2024-07-04,,,2,"124,2","124,2",cancelledByCustomer,pickup,2024-06-26,,15,5SbYMzADNTSypp3CHqdt,,3p2ZPH2VHLTqsMJVrtvC,,3p2ZPH2VHLTqsMJVrtvC,,TRUE
Yjxjq0qWz5A1Yhiu1xjF,PO240701-7904,2024-07-01,2024-07-16,,,1,87,87,cancelledByVendor,delivery,2024-07-03,,,96WfyBWlY4LIxh97AbYd,,9NjpBTaghK5cWph9I1IC,,9NjpBTaghK5cWph9I1IC,,TRUE
YG9Tvt3r7DvezFXrNYHi,240703-9144,2024-07-03,2024-08-02,,,3,"205,75","205,75",cancelledByVendor,delivery,2024-07-09,10,,OosAh6jwi62Cd5fvEZ8V,,,,OosAh6jwi62Cd5fvEZ8V,,TRUE
5C3h8Z58sl7dwsx9DT9d,PO240705-7800,2024-07-05,2024-07-05,,,1,"3,25","3,25",cancelledByVendor,pickup,2024-07-10,,,Lr66hTdAzQ032LTXLbTj,,,,Lr66hTdAzQ032LTXLbTj,,TRUE
QcXUiheKM368MX3XNx2M,PO240705-6608,2024-07-05,2024-07-05,,,1,"3,25","3,25",cancelledByVendor,pickup,2024-07-12,,908,Lr66hTdAzQ032LTXLbTj,,JO3pk39tFwzoSQ3zB9UU,,JO3pk39tFwzoSQ3zB9UU,,TRUE
wL9ukSfaqKH9ntogyPI5,240708-7504,2024-07-09,2024-07-23,,,8,"278,75","278,75",cancelledByCustomer,delivery,2024-07-12,,,OosAh6jwi62Cd5fvEZ8V,,cEuE0YOEKcVpm79Rsxk3,,cEuE0YOEKcVpm79Rsxk3,,TRUE
Oej2TcuTfFfx8MU62W1H,PO240708-4048,2024-07-11,2024-07-08,,,9,"45,5","45,5",cancelledByVendor,pickup,2024-07-10,,4,Lr66hTdAzQ032LTXLbTj,,TI6G0Nwjq3wbkR7T2bFa,,TI6G0Nwjq3wbkR7T2bFa,,TRUE
2ZZL6wH5O01WgCNc2b6Z,PO240710-9720,2024-07-11,2024-07-24,,,11,"434,3","434,3",cancelledByCustomer,pickup,2024-07-13,,0,5SbYMzADNTSypp3CHqdt,,cvGAm5ghsY6Cfmh2UYOr,,cvGAm5ghsY6Cfmh2UYOr,,TRUE
GrKzCV9DqVOrbSev71Mk,240715-7968,2024-07-15,2024-08-14,,,1,70,70,cancelledByVendor,delivery,2024-07-19,10,,OosAh6jwi62Cd5fvEZ8V,,v63V4FQRCfrwmWBTKEWS,,OosAh6jwi62Cd5fvEZ8V,,TRUE
17oCs3bXuCdaWn1NHjJg,240712-8088,2024-07-15,2024-07-27,,,7,"229,75","229,75",cancelledByVendor,delivery,2024-07-16,,,OosAh6jwi62Cd5fvEZ8V,,,,rjWT03Fscs4qvCFrcTqp,,TRUE
HcEFtVRxvld2rAozzOiB,PO240712-6944,2024-07-15,2024-07-27,,,3,112,112,cancelledByVendor,delivery,2024-07-18,,,iyecptCf2ib79GmaepWK,,9RWVkV2q0IRLJTABMjbK,,9RWVkV2q0IRLJTABMjbK,,TRUE
yLUdaD217k9uw13Wb1X5,PO240713-8696,2024-07-16,2024-07-27,,,2,498,"498,9",cancelledByVendor,delivery,2024-07-16,6,,5SbYMzADNTSypp3CHqdt,,kPR5gdiIWhU83HolpuPz,,kPR5gdiIWhU83HolpuPz,,TRUE
RYArfUWZqId7lFRPinbA,PO240717-7136,2024-07-20,2025-01-13,,,8,"28,25","28,25",cancelledByVendor,pickup,2024-07-19,,20,Lr66hTdAzQ032LTXLbTj,,0R9kvTWPgTIQGdwJfpia,,0R9kvTWPgTIQGdwJfpia,,TRUE
7ZSAc7QtAk3x0lrWzJJr,PO240717-0824,2024-07-20,2025-01-13,,,8,"34,75","34,75",cancelledByVendor,pickup,2024-07-19,,20,Lr66hTdAzQ032LTXLbTj,,0R9kvTWPgTIQGdwJfpia,,0R9kvTWPgTIQGdwJfpia,,TRUE
4w36Nmp8GTATesKi3EyF,PO240721-5944,2024-07-21,2024-08-20,,,8,"83,5","83,5",cancelledByCustomer,delivery,2024-07-23,0,,Wg0Ey5tINc9Me5HiUNxF,,lnxXEPqdaV9qO3KW9jpy,,lnxXEPqdaV9qO3KW9jpy,,TRUE
sN09AmWaSyio1xCu7UDz,F240722-0336,2024-07-22,2024-08-21,,,5,"105,25","105,25",cancelledByVendor,delivery,2024-07-24,,,8ZfwHCX7pPG1WOcWJjps,,9NjpBTaghK5cWph9I1IC,,9NjpBTaghK5cWph9I1IC,,TRUE
vwfF8bt1C9oes5r30Xhj,F240722-0536,2024-07-23,2024-08-21,,,6,"111,6","111,6",cancelledByVendor,delivery,2024-07-24,,,8ZfwHCX7pPG1WOcWJjps,,y8wifilUDIxGFzk61Inf,,y8wifilUDIxGFzk61Inf,,TRUE
hGBnusFbQksx0mN4YJ7N,PO240730-3744,2024-07-30,2024-08-13,,,2,92,92,cancelledByVendor,pickup,2024-08-01,,15,5SbYMzADNTSypp3CHqdt,,DmBkDRh9G0I1NVkEA4xB,,DmBkDRh9G0I1NVkEA4xB,,TRUE
BInQWMHSH1Mt5KPw9YjS,PO240730-7976,2024-07-31,2024-08-14,,,2,"85,67","85,67",cancelledByVendor,delivery,2024-08-02,0,,m7nKteNREbhWY2R2VgwM,,BfDSPbety5wFbpBRuHqC,,BfDSPbety5wFbpBRuHqC,,TRUE
EKIPWF4sZUukCEWXOeua,PO240805-1136,2024-08-05,2024-08-19,,,4,"272,85","273,75",cancelledByVendor,delivery,2024-08-08,6,,5SbYMzADNTSypp3CHqdt,,1TFYg7O4s49uO8BXxmbv,,1TFYg7O4s49uO8BXxmbv,,TRUE
x0mleueTQmDTvkZHbj2X,PO240806-9712,2024-08-06,2024-08-21,,,1,67,67,cancelledByVendor,delivery,2024-08-09,0,,m7nKteNREbhWY2R2VgwM,,BfDSPbety5wFbpBRuHqC,,BfDSPbety5wFbpBRuHqC,,TRUE
P5CwLwjJNUtzf57789MG,240809-3360,2024-08-09,2024-09-23,,,3,"282,8","282,8",cancelledByVendor,delivery,2024-08-12,,,OosAh6jwi62Cd5fvEZ8V,,DdCumyx81ilLByGwOoPo,,OosAh6jwi62Cd5fvEZ8V,,TRUE
6RXuznnpzSnBn4fKDJ1L,PO240809-3072,2024-08-14,2024-08-23,,,3,"33,1","33,1",cancelledByVendor,pickup,2024-08-10,,2,5SbYMzADNTSypp3CHqdt,,WeZ9pOUUBF3fFfGVoHIq,,WeZ9pOUUBF3fFfGVoHIq,,TRUE
gBuXc0wnfqsrhMaIlzOg,PO240814-7960,2024-08-14,2024-08-29,,,2,89,89,cancelledByVendor,pickup,2024-08-16,,,b9BfyQpyz5fxTBbguFU8,,,,,,FALSE
ScfffwY3GSpH7ivaJdHL,PO240815-9376,2024-08-15,2024-09-14,,,3,"57,75","57,75",cancelledByVendor,pickup,2024-08-15,,,5SbYMzADNTSypp3CHqdt,,,,5SbYMzADNTSypp3CHqdt,,TRUE
j2cI8XAAMulsKI5FWLbE,PO240815-1512,2024-08-15,2024-09-14,,,3,"53,4","53,4",cancelledByVendor,pickup,2024-08-15,,,5SbYMzADNTSypp3CHqdt,,,,5SbYMzADNTSypp3CHqdt,,TRUE
8nfK96npJ9r86OlHIzzI,240815-6656,2024-08-20,2024-09-14,,,1,377,377,cancelledByVendor,delivery,2024-08-23,,,OosAh6jwi62Cd5fvEZ8V,,v63V4FQRCfrwmWBTKEWS,,OosAh6jwi62Cd5fvEZ8V,,TRUE
7Qg9aIwjkdku5ppNv2gc,PO240821-6704,2024-08-21,2024-09-05,,,1,9,9,cancelledByVendor,delivery,2024-08-28,0,,mCKuyiXCU4pxAzXeTLqY,,,,mCKuyiXCU4pxAzXeTLqY,,TRUE
gk7rn8Y5c9ccGv192ij8,240822-3248,2024-08-22,2024-10-06,,,1,262,"263,5",cancelledByVendor,delivery,2024-08-23,10,,OosAh6jwi62Cd5fvEZ8V,,,,OosAh6jwi62Cd5fvEZ8V,,TRUE
n3CldbDJhyhalPNhx9CN,240822-5472,2024-08-22,2024-10-06,,,1,"503,92","505,42",cancelledByVendor,delivery,2024-08-23,10,,OosAh6jwi62Cd5fvEZ8V,,,,OosAh6jwi62Cd5fvEZ8V,,TRUE
AqKJleIHvkQaT6yntryf,PO240819-7840,2024-08-23,2024-09-03,,,1,84,84,cancelledByVendor,delivery,2024-08-23,0,,ITfsxXZtCiKCjuxnXJJb,,KLl3ePPRtUWWSJjc2c8j,,KLl3ePPRtUWWSJjc2c8j,,TRUE
M4dOLOCA0tXR6w9z0Rmk,PO230428-4152,2024-09-04,2023-05-28,,,2,308,308,cancelledByVendor,delivery,2023-05-02,20,,OosAh6jwi62Cd5fvEZ8V,,DdCumyx81ilLByGwOoPo,,DdCumyx81ilLByGwOoPo,,TRUE
Oej2TcuTfFfx8MU62W1H,PO240708-4048,2024-09-04,2024-07-08,,,9,"45,5","45,5",cancelledByVendor,pickup,2024-07-10,,4,Lr66hTdAzQ032LTXLbTj,,TI6G0Nwjq3wbkR7T2bFa,,TI6G0Nwjq3wbkR7T2bFa,,TRUE
uzMAcdP52er9zZLJNv6D,,2024-09-04,2021-12-03,,,7,"271,35","271,35",cancelledByCustomer,delivery,2021-11-23,0,,5bfmJqpmAAHRFyEckXDP,,eYgHFFYXWX6bZ27RAxsk,,,,FALSE
xTj0OelP0jWLfLaEhg8f,PO230130-9744,2024-09-04,2023-02-13,,,1,"202,5","202,5",cancelledByVendor,pickup,2023-01-04,,18,5SbYMzADNTSypp3CHqdt,,TgnMntaXQmST6m6EYIvt,,5SbYMzADNTSypp3CHqdt,,TRUE
7mzbDveF0XikUFkQjIHV,PO230620-7568,2024-09-04,2023-07-05,,,1,280,280,cancelledByVendor,delivery,2023-06-21,,,EdMFd8C4VuiQVRH7YPvk,,WxRQhwJRfjWH7yyN0J3g,,WxRQhwJRfjWH7yyN0J3g,,TRUE
EMaV81nbWVwHi6oPqhns,240508-2536,2024-09-04,2024-05-23,,,5,"233,4","233,4",cancelledByVendor,delivery,2024-05-10,20,,OosAh6jwi62Cd5fvEZ8V,,,,,,FALSE
0nD6XKfxmP4Y8yKe6gb0,PO-000001,2024-09-04,2022-04-22,,,4,"1195,36","1195,36",cancelledByVendor,delivery,2022-04-14,0,,OosAh6jwi62Cd5fvEZ8V,,,,,,FALSE
GrKzCV9DqVOrbSev71Mk,240715-7968,2024-09-04,2024-08-14,,,1,70,70,cancelledByVendor,delivery,2024-07-19,10,,OosAh6jwi62Cd5fvEZ8V,,v63V4FQRCfrwmWBTKEWS,,OosAh6jwi62Cd5fvEZ8V,,TRUE
vjE9uBAym5Sq0BOaqCI7,PO220613-6520,2024-09-04,2022-06-28,,,1,"107,5",109,cancelledByCustomer,delivery,2022-06-17,10,,De0LQFAAw6JiFjMTbVuV,,kPR5gdiIWhU83HolpuPz,,kPR5gdiIWhU83HolpuPz,,TRUE
ISPKsRGqe5OgzL6UwD04,PO220921-3008,2024-09-04,2022-10-21,,,4,150,150,cancelledByVendor,delivery,2022-09-29,0,,WcFItrYB1u7l8TbljPxx,,LKcIpGMiK6kvzXPRnFFx,,WcFItrYB1u7l8TbljPxx,,TRUE
X4MfuYsJL2Ul6N5ph6SK,PO220916-3064,2024-09-04,2022-10-01,,,1,"1,9","1,9",cancelledByVendor,delivery,2022-09-16,0,,cMU8oxxvoIYn85Ok0nIa,,,,cMU8oxxvoIYn85Ok0nIa,,TRUE
vwfF8bt1C9oes5r30Xhj,F240722-0536,2024-09-04,2024-08-21,,,6,"111,6","111,6",cancelledByVendor,delivery,2024-07-24,,,8ZfwHCX7pPG1WOcWJjps,,y8wifilUDIxGFzk61Inf,,y8wifilUDIxGFzk61Inf,,TRUE
Q8fwWh8eBARplgRkGJLL,PO-000006,2024-09-04,2021-09-16,,,4,"67,5","67,5",cancelledByCustomer,delivery,2021-09-08,0,,b9BfyQpyz5fxTBbguFU8,,VUBkWAvqyYfQ660odGl9,,,,FALSE
lX0kBBC77350osF3A3PP,PO240528-4704,2024-09-04,2024-06-27,,,2,"8,8","8,8",cancelledByCustomer,delivery,2024-06-04,0,,Wg0Ey5tINc9Me5HiUNxF,,cSOCu1o8SBbbhflMyatx,,cSOCu1o8SBbbhflMyatx,,TRUE
KQMhEit49AWLqXmRtpPm,PO231204-6928,2024-09-04,2023-12-09,,,3,"221,25","221,25",cancelledByVendor,delivery,2023-11-11,0,,0YqogYyZYUbd5M4JMbzL,,,,0YqogYyZYUbd5M4JMbzL,,TRUE
kJt2qe0aUeEpAUofb9ok,240508-8712,2024-09-04,2024-05-23,,,7,"528,95","528,95",cancelledByVendor,delivery,2024-05-10,,,OosAh6jwi62Cd5fvEZ8V,,,,,,FALSE
kFqaWxiKv4IpFTxz9cKz,PO230725-1192,2024-09-04,2023-08-09,,,3,"121,26","121,26",cancelledByVendor,delivery,2023-07-29,20,,9v5o7nYtxHRr8wgwzc09,,enz0G1dXOsdkUgqhWJzD,,enz0G1dXOsdkUgqhWJzD,,TRUE
DJHDNOzD1VUf1Ajlgqy6,PO231218-9904,2024-09-04,2024-01-01,,,1,270,270,cancelledByVendor,pickup,2023-12-24,,18,5SbYMzADNTSypp3CHqdt,,TgnMntaXQmST6m6EYIvt,,TgnMntaXQmST6m6EYIvt,,TRUE
OS9QCMF64cYDRB1C8n75,PO240529-4728,2024-09-04,2024-06-28,,,2,630,630,cancelledByVendor,delivery,2024-06-04,0,,Wg0Ey5tINc9Me5HiUNxF,,,,Wg0Ey5tINc9Me5HiUNxF,,TRUE
Sgf0GxBTaidb7QzEOymA,PO230411-8048,2024-09-04,2023-04-26,,,2,"52,5","52,5",cancelledByVendor,delivery,2023-04-13,,,KYlrIrQiq3F7kE7OViVn,,Alfk0rtkXCazOYfEOwPT,,Alfk0rtkXCazOYfEOwPT,,TRUE
fJ2IgPRhwM7ymqZfGPLn,PO231229-0736,2024-09-04,2024-01-12,,,1,"303,5","304,4",cancelledByVendor,delivery,2024-01-11,6,,5SbYMzADNTSypp3CHqdt,,6j8JCZkcUN7Agv59Pqe3,,5SbYMzADNTSypp3CHqdt,,TRUE
BHcIvPptbVJWDkHv4I5E,F230716-2768,2024-09-04,2023-08-15,,,8,"59,5","59,5",cancelledByVendor,delivery,2023-07-19,0,,8ZfwHCX7pPG1WOcWJjps,,,,8ZfwHCX7pPG1WOcWJjps,,TRUE
8hHmR3D72GXSqmud9Ap1,PO230325-2128,2024-09-04,2023-04-09,,,8,357,357,cancelledByVendor,delivery,2023-03-30,0,,KQHvMD1fQ7jPyrC5nWsK,,wff3QDbtmySxiUgQiaR3,,wff3QDbtmySxiUgQiaR3,,TRUE
ZaEMv23DzJgRPhPi9gBu,PO240123-2984,2024-09-04,2024-02-07,,,7,561,561,cancelledByVendor,delivery,2024-01-25,0,,KQHvMD1fQ7jPyrC5nWsK,,yMtx9OCrdMIQKuei5zmB,,yMtx9OCrdMIQKuei5zmB,,TRUE
0ArfwfUFeF8qSzAybS29,PO-000001,2024-09-04,2021-12-02,,,6,"62,5","62,5",cancelledByVendor,delivery,2021-11-18,10,,2fnE1XiuRG39yBo7yB9S,,bBsu65CHFps22otQnD2s,,,,FALSE
yLUdaD217k9uw13Wb1X5,PO240713-8696,2024-09-04,2024-07-27,,,2,498,"498,9",cancelledByVendor,delivery,2024-07-16,6,,5SbYMzADNTSypp3CHqdt,,kPR5gdiIWhU83HolpuPz,,kPR5gdiIWhU83HolpuPz,,TRUE
DjUCGt5sR6au4QOXi4M1,PO230213-9360,2024-09-04,2023-02-28,,,2,101,101,cancelledByCustomer,delivery,2023-02-15,,,96WfyBWlY4LIxh97AbYd,,01vvuU5DBHzljemulhPS,,01vvuU5DBHzljemulhPS,,TRUE
dU7pN3XvKfvo2vsjslWv,PO230725-9128,2024-09-04,2023-08-09,,,4,95,95,cancelledByVendor,delivery,2023-07-26,,,96WfyBWlY4LIxh97AbYd,,Lg0C1CaopJF68qFCQjd7,,Lg0C1CaopJF68qFCQjd7,,TRUE
3HXcRqTM9jxaBxgYxnpN,PO230209-9728,2024-09-04,2023-03-11,,,9,"367,25","367,25",cancelledByVendor,delivery,2023-02-15,,,96WfyBWlY4LIxh97AbYd,,XXFYWimSEqlKQ10nKlBg,,XXFYWimSEqlKQ10nKlBg,,TRUE
WAGy1b5mWOwbAM50nEpL,PO-000035,2024-09-04,2022-01-04,,,3,123,123,cancelledByVendor,delivery,2021-12-22,15,,5bfmJqpmAAHRFyEckXDP,,,,,,FALSE
mnwdFoBNQLP9qcjRnyxk,PO230425-0672,2024-09-04,2023-05-10,,,2,"34,87","34,87",cancelledByCustomer,delivery,2023-04-29,0,,JqGLHEsc1PhtJ6VCIpyi,,,,,,FALSE
TFDlmO6w0oHlf6uYYV4h,PO230420-6856,2024-09-04,2023-05-05,,,2,"766,7","766,7",cancelledByVendor,delivery,2023-04-27,,,bpoJsu8mGs8pwSd9f3Iy,,,,,,FALSE
SCSVIeJt8EqPgTW9Lg7j,PO231020-9440,2024-09-04,2023-10-25,,,2,"466,25","466,25",cancelledByVendor,pickup,2023-10-22,,,0YqogYyZYUbd5M4JMbzL,,,,0YqogYyZYUbd5M4JMbzL,,TRUE
YG9Tvt3r7DvezFXrNYHi,240703-9144,2024-09-04,2024-08-02,,,3,"205,75","205,75",cancelledByVendor,delivery,2024-07-09,10,,OosAh6jwi62Cd5fvEZ8V,,,,OosAh6jwi62Cd5fvEZ8V,,TRUE
8hF6x9FMZT4csg3FnZts,PO220803-4712,2024-09-04,2022-08-18,,,3,"222,5","222,5",cancelledByVendor,delivery,2022-08-08,0,,Twa8hckfedqpkTHtPmAx,,,,,,FALSE
Wg0fj22qbTvek0Hxjmtm,,2024-09-04,2021-12-02,,,12,"155,5","155,5",cancelledByCustomer,delivery,2021-11-04,,,2fnE1XiuRG39yBo7yB9S,,,,,,FALSE
aRRFv5RVJrqBD9HHzASv,PO220731-6880,2024-09-04,2022-08-15,,,17,"139,18","140,68",cancelledByCustomer,delivery,2022-08-12,10,,De0LQFAAw6JiFjMTbVuV,,ZDiACrQIajuAaQlDwlaH,,ZDiACrQIajuAaQlDwlaH,,TRUE
ZlmXXHfBzqajWVH3kNxZ,230607-0672,2024-09-04,2023-06-14,,,4,190,190,cancelledByVendor,delivery,2023-06-09,0,,OosAh6jwi62Cd5fvEZ8V,,j2o1LdybvFM5UvDkcGP6,,j2o1LdybvFM5UvDkcGP6,,TRUE
7Qg9aIwjkdku5ppNv2gc,PO240821-6704,2024-09-04,2024-09-05,,,1,9,9,cancelledByVendor,delivery,2024-08-28,0,,mCKuyiXCU4pxAzXeTLqY,,,,mCKuyiXCU4pxAzXeTLqY,,TRUE
OSD95b8lYMDfAg5HnY0N,PO240513-0648,2024-09-04,2024-05-28,,,1,45,45,cancelledByVendor,delivery,2024-05-18,0,,EdMFd8C4VuiQVRH7YPvk,,9NjpBTaghK5cWph9I1IC,,9NjpBTaghK5cWph9I1IC,,TRUE
eNG21eha9IWNRj18KbPW,PO-000020,2024-09-04,2021-07-20,,,7,"78,5","78,5",cancelledByVendor,delivery,2021-07-07,,,96WfyBWlY4LIxh97AbYd,,,,,,FALSE
7ZSAc7QtAk3x0lrWzJJr,PO240717-0824,2024-09-04,2025-01-13,,,8,"34,75","34,75",cancelledByVendor,pickup,2024-07-19,,20,Lr66hTdAzQ032LTXLbTj,,0R9kvTWPgTIQGdwJfpia,,0R9kvTWPgTIQGdwJfpia,,TRUE
KF7BYfVzsFvrRiLm1aOH,PO-000002,2024-09-04,2022-03-11,,,3,444,"445,5",cancelledByVendor,delivery,2022-03-08,0,,YiTuoGRDj4cC9OsT0jii,,,,,,FALSE
AqKJleIHvkQaT6yntryf,PO240819-7840,2024-09-04,2024-09-03,,,1,84,84,cancelledByVendor,delivery,2024-08-23,0,,ITfsxXZtCiKCjuxnXJJb,,KLl3ePPRtUWWSJjc2c8j,,KLl3ePPRtUWWSJjc2c8j,,TRUE
UW02DzFHEw1NWhgqXGip,PO230313-7288,2024-09-04,2023-03-28,,,1,"42,5","42,5",cancelledByCustomer,delivery,2023-03-15,20,,96WfyBWlY4LIxh97AbYd,,K8CnpBgvBdcsNzKsocDp,,K8CnpBgvBdcsNzKsocDp,,TRUE
EKIPWF4sZUukCEWXOeua,PO240805-1136,2024-09-04,2024-08-19,,,4,"272,85","273,75",cancelledByVendor,delivery,2024-08-08,6,,5SbYMzADNTSypp3CHqdt,,1TFYg7O4s49uO8BXxmbv,,1TFYg7O4s49uO8BXxmbv,,TRUE
n3CldbDJhyhalPNhx9CN,240822-5472,2024-09-04,2024-10-06,,,1,"503,92","505,42",cancelledByVendor,delivery,2024-08-23,10,,OosAh6jwi62Cd5fvEZ8V,,,,OosAh6jwi62Cd5fvEZ8V,,TRUE
Wi4E18Lj3awR9tBZqyM5,PO220729-5496,2024-09-04,2022-08-28,,,5,"916,5","916,5",cancelledByVendor,delivery,2022-08-04,0,,OosAh6jwi62Cd5fvEZ8V,,4yrii8tdlmMFhSyH85dB,,4yrii8tdlmMFhSyH85dB,,TRUE
pGfv7d8ui4oF0eTAnlcx,PO230801-0768,2024-09-04,2023-08-16,,,1,400,400,cancelledByCustomer,pickup,2023-08-02,,37,D1p7dVRnfLnGH6oYekFm,,DLmLbdpvddd4OXpW9Ewv,,DLmLbdpvddd4OXpW9Ewv,,TRUE
39saf8ws99ULjXh5rSiC,PO240513-0296,2024-09-04,2024-05-28,,,1,45,45,cancelledByCustomer,delivery,2024-05-18,0,,EdMFd8C4VuiQVRH7YPvk,,y8wifilUDIxGFzk61Inf,,y8wifilUDIxGFzk61Inf,,TRUE
vslFnJzVakzK9rKu4fjR,PO-000003,2024-09-04,2021-12-08,,,7,281,281,cancelledByVendor,delivery,2021-11-11,,,2fnE1XiuRG39yBo7yB9S,,y8wifilUDIxGFzk61Inf,,,,FALSE
Bjm3JYUthzR3Xpg1RDRh,PO220902-1168,2024-09-04,2022-09-17,,,1,"57,75","57,75",cancelledByVendor,delivery,2022-09-08,0,,OosAh6jwi62Cd5fvEZ8V,,j2o1LdybvFM5UvDkcGP6,,j2o1LdybvFM5UvDkcGP6,,TRUE
BInQWMHSH1Mt5KPw9YjS,PO240730-7976,2024-09-04,2024-08-14,,,2,"85,67","85,67",cancelledByVendor,delivery,2024-08-02,0,,m7nKteNREbhWY2R2VgwM,,BfDSPbety5wFbpBRuHqC,,BfDSPbety5wFbpBRuHqC,,TRUE
n7TbC0lo55IK5utu1dvj,PO-000206,2024-09-04,2021-11-17,,,5,120,120,cancelledByCustomer,delivery,2021-10-21,10,,2fnE1XiuRG39yBo7yB9S,,bzhP3T3xLsB5H7t27eXc,,,,FALSE
8C7MKPCRWcSRoRYGreeU,PO220718-5432,2024-09-04,2022-08-17,,,5,"103,6","103,6",cancelledByVendor,delivery,2022-07-20,,,96WfyBWlY4LIxh97AbYd,,1xqK3yfuYjdPMMkmwnyn,,1xqK3yfuYjdPMMkmwnyn,,TRUE
HHxaAXolrmt7gP7vmVp3,PO230306-5672,2024-09-04,2023-03-21,,,8,"321,2","321,2",cancelledByVendor,delivery,2023-03-09,0,,KQHvMD1fQ7jPyrC5nWsK,,wff3QDbtmySxiUgQiaR3,,wff3QDbtmySxiUgQiaR3,,TRUE
2LonE6Az62E7jKVcnXBF,PO230615-3096,2024-09-04,2023-07-15,,,4,"120,5",122,cancelledByVendor,delivery,2023-06-23,10,,5b15DX79SPcNpUyi4uQ0,,ej7DzHTvjLhlzv9frJ1P,,ej7DzHTvjLhlzv9frJ1P,,TRUE
SpNJwb3fbHHToVmfXY2X,240604-9712,2024-09-04,2024-06-19,,,4,"172,5","172,5",cancelledByVendor,delivery,2024-06-07,10,,OosAh6jwi62Cd5fvEZ8V,,3N6wNZs7BBGG28z4ax1b,,3N6wNZs7BBGG28z4ax1b,,TRUE
jz9woNyTvraeUZ6nEvRr,PO230624-1768,2024-09-04,2023-07-09,,,9,"423,45","423,45",cancelledByVendor,delivery,2023-07-05,,,kL7iDLy4sjqAEwmPrj3I,,G58WhpsgYj8zGM0iqGlK,,G58WhpsgYj8zGM0iqGlK,,TRUE
5GNiViEQ6a7sFDNjPDg1,PO240903-4000,2024-09-04,2024-09-18,,,1,105,105,cancelledByVendor,delivery,2024-09-11,,,96WfyBWlY4LIxh97AbYd,,y8wifilUDIxGFzk61Inf,,y8wifilUDIxGFzk61Inf,,TRUE
bVvd1AXzpG18JnkHAbmU,PO240827-6744,2024-09-04,2024-09-11,,,2,82,82,cancelledByVendor,delivery,2024-09-04,,,96WfyBWlY4LIxh97AbYd,,G58WhpsgYj8zGM0iqGlK,,G58WhpsgYj8zGM0iqGlK,,TRUE
IQ3zlPcwK1gKBdY7VnNw,PO240910-7224,2024-09-11,2024-09-24,,,2,102,102,cancelledByVendor,pickup,2024-09-12,,15,5SbYMzADNTSypp3CHqdt,,TTij3aVJEo1crZBTESoA,,TTij3aVJEo1crZBTESoA,,TRUE
19rsusGtuy68bG5tQ3jz,F240916-4096,2024-09-16,2024-10-16,,,3,"107,5","107,5",cancelledByVendor,delivery,2024-09-18,,,8ZfwHCX7pPG1WOcWJjps,,9NjpBTaghK5cWph9I1IC,,9NjpBTaghK5cWph9I1IC,,TRUE
8ik8COzzjmlDdlMAP2Th,PO240916-6928,2024-09-16,2024-09-30,,,1,486,"486,9",cancelledByVendor,delivery,2024-09-18,6,,5SbYMzADNTSypp3CHqdt,,4DZT0CTPwqZbtbLZh6OR,,4DZT0CTPwqZbtbLZh6OR,,TRUE
6rMNR683zaMIdcf3zAC2,PO240916-9464,2024-09-16,2024-09-30,,,2,641,"641,9",cancelledByVendor,delivery,2024-09-24,6,,5SbYMzADNTSypp3CHqdt,,kPR5gdiIWhU83HolpuPz,,kPR5gdiIWhU83HolpuPz,,TRUE
bM5Eyh6W2xCtTy6emRxD,PO240918-4128,2024-09-18,2024-10-03,,,4,66,66,cancelledByVendor,delivery,2024-09-19,0,,M1NMwWol0dexYfm4jDRw,,mN7peHVedGAS3NiiAgI8,,M1NMwWol0dexYfm4jDRw,,TRUE
Xcps7yFvZZ6LjXgmJXyl,240920-9584,2024-09-20,2024-10-05,,,5,"177,33","178,83",cancelledByVendor,delivery,2024-09-24,10,,OosAh6jwi62Cd5fvEZ8V,,3N6wNZs7BBGG28z4ax1b,,3N6wNZs7BBGG28z4ax1b,,TRUE
Xcps7yFvZZ6LjXgmJXyl,240920-9584,2024-09-27,2024-10-05,,,5,"177,33","178,83",cancelledByVendor,delivery,2024-09-24,10,,OosAh6jwi62Cd5fvEZ8V,,3N6wNZs7BBGG28z4ax1b,,3N6wNZs7BBGG28z4ax1b,,TRUE
Xcps7yFvZZ6LjXgmJXyl,240920-9584,2024-09-27,2024-10-05,,,5,"177,33","178,83",cancelledByVendor,delivery,2024-09-24,10,,OosAh6jwi62Cd5fvEZ8V,,3N6wNZs7BBGG28z4ax1b,,3N6wNZs7BBGG28z4ax1b,,TRUE
8WO5HDQwGs6HqInS8R17,PO240917-3864,2024-10-01,2024-10-02,,,2,"237,6","237,6",cancelledByCustomer,delivery,2024-09-20,,,KYlrIrQiq3F7kE7OViVn,,mJQ02JjPV5yFVvghpRSS,,mJQ02JjPV5yFVvghpRSS,,TRUE
BQ4ooNnAcQjK9ZsIkWFQ,PO241002-4624,2024-10-03,2024-10-16,,,1,"17,6","17,6",cancelledByVendor,pickup,2024-10-04,,15,5SbYMzADNTSypp3CHqdt,,TTij3aVJEo1crZBTESoA,,TTij3aVJEo1crZBTESoA,,TRUE
j065tQKaTyoOnCrZx0X4,PO240918-9896,2024-10-03,2025-03-17,,,7,44,44,cancelledByCustomer,pickup,2024-09-25,,,Lr66hTdAzQ032LTXLbTj,,,,,,FALSE
cjU0O7GOmSUjhIjgDvlk,PO241007-3688,2024-10-07,2024-10-21,,,6,"233,6","234,5",cancelledByVendor,delivery,2024-10-09,6,,5SbYMzADNTSypp3CHqdt,,yXmJJQtyMohOBxSWLjvn,,yXmJJQtyMohOBxSWLjvn,,TRUE
e7aGhu4ZHd1FRvxw0NIH,PO241007-7024,2024-10-07,2024-10-21,,,6,"233,6","234,5",cancelledByVendor,delivery,2024-10-09,6,,5SbYMzADNTSypp3CHqdt,,yXmJJQtyMohOBxSWLjvn,,yXmJJQtyMohOBxSWLjvn,,TRUE
TVx9ovKDRvSSAPVuZzjw,PO241001-6296,2024-10-08,2024-10-16,,,3,"91,8","91,8",cancelledByVendor,pickup,2024-10-04,,,b9BfyQpyz5fxTBbguFU8,,,,,,FALSE
3S0664sY47L6oKJbOFKD,PO241009-8872,2024-10-09,2024-10-23,,,1,368,"369,2",cancelledByVendor,delivery,2024-10-11,8,,5SbYMzADNTSypp3CHqdt,,6Ps1HcE0hJIXWi51Nkl3,,6Ps1HcE0hJIXWi51Nkl3,,TRUE
dnaHr2uwRNNHBkhRCEnM,PO241014-6120,2024-10-14,2024-10-28,,,1,100,100,cancelledByCustomer,pickup,2024-10-16,,15,5SbYMzADNTSypp3CHqdt,,DmBkDRh9G0I1NVkEA4xB,,DmBkDRh9G0I1NVkEA4xB,,TRUE
rwVDExeCGOTl2DKZYQiI,PO241014-0976,2024-10-14,2024-10-28,,,4,"340,3","341,2",cancelledByVendor,delivery,2024-10-16,6,,5SbYMzADNTSypp3CHqdt,,HNtfLugZpLx8w031U1BB,,HNtfLugZpLx8w031U1BB,,TRUE
YFv6UcEEifXT36A6blzw,241023-6672,2024-10-23,2024-12-07,,,8,"216,66","216,66",cancelledByCustomer,delivery,2024-10-29,,,OosAh6jwi62Cd5fvEZ8V,,soBkEAXRHJJOdZuT4Yde,,soBkEAXRHJJOdZuT4Yde,,TRUE
auaxfRwFKfmsdT1iDe8o,PO241022-7832,2024-10-24,2024-11-06,,,7,"272,6","272,6",cancelledByVendor,delivery,2024-10-30,0,,mCKuyiXCU4pxAzXeTLqY,,lkA2M4OhSfzAelEzuU1b,,lkA2M4OhSfzAelEzuU1b,,TRUE
acPasvkq5RfGGdesGiyx,F241014-7232,2024-10-28,2024-10-29,,,7,147,147,cancelledByVendor,delivery,2024-10-16,,,8ZfwHCX7pPG1WOcWJjps,,,,,,FALSE
Fd0xplhzkZdI9Ds2QXw6,241031-9936,2024-10-31,2024-11-30,,,4,"498,59","500,09",cancelledByVendor,delivery,2024-11-06,10,,OosAh6jwi62Cd5fvEZ8V,,,,OosAh6jwi62Cd5fvEZ8V,,TRUE
h9WTh7W3PGCi4fQ9Ai3L,PO241031-7464,2024-11-03,2024-11-30,,,3,"38,35","38,35",cancelledByVendor,pickup,2024-10-31,,,5SbYMzADNTSypp3CHqdt,,,,5SbYMzADNTSypp3CHqdt,,TRUE
pXrw8WyRqjAYNJSuLUu9,PO241105-5680,2024-11-08,2025-05-04,,,6,45,45,cancelledByCustomer,pickup,2024-11-08,,1,Lr66hTdAzQ032LTXLbTj,,syO7p1XzPmq5pYXdV41i,,syO7p1XzPmq5pYXdV41i,,TRUE
kd3ynDgA5s2wiAWu9M9H,PO241110-6736,2024-11-12,2024-11-24,,,4,"369,5","370,7",cancelledByVendor,delivery,2024-11-15,8,,5SbYMzADNTSypp3CHqdt,,6Ps1HcE0hJIXWi51Nkl3,,6Ps1HcE0hJIXWi51Nkl3,,TRUE
LQ0nbs3CL7zlJbuaZgtR,PO241111-0136,2024-11-15,2024-11-26,,,3,56,56,cancelledByCustomer,delivery,2024-11-14,,,iyecptCf2ib79GmaepWK,,soBkEAXRHJJOdZuT4Yde,,soBkEAXRHJJOdZuT4Yde,,TRUE
JgiE18R3oSRgkYOMycuj,241126-1360,2024-11-26,2025-01-10,,,4,"313,93","313,93",cancelledByVendor,delivery,2024-12-03,,,OosAh6jwi62Cd5fvEZ8V,,ls5eh7htak5RYmY5a6n8,,ls5eh7htak5RYmY5a6n8,,TRUE
XcdRzgLxu0pwlPtw9jTc,PO241202-5928,2024-12-03,2024-12-17,,,2,166,"166,9",cancelledByVendor,delivery,2024-12-05,6,,5SbYMzADNTSypp3CHqdt,,yXmJJQtyMohOBxSWLjvn,,yXmJJQtyMohOBxSWLjvn,,TRUE
LXuVvpPiJNhBHGoKSgNY,PO241206-9168,2024-12-06,2024-12-21,,,13,"438,5","438,5",cancelledByVendor,delivery,2024-12-05,,,i9gSl2aoojNnojdVdhfn,,bj9QHu31hLelNlqWT5qB,,i9gSl2aoojNnojdVdhfn,,TRUE
6NOTVo8Fe5QEzLmYqj3d,PO241210-3464,2024-12-11,2024-12-25,,,1,"637,5","637,5",cancelledByVendor,pickup,2024-12-13,,,S0MOOv2n9Exw5mMcSKZT,,,,S0MOOv2n9Exw5mMcSKZT,,TRUE
1HMa87Qy3dPk78CGWJdw,PO241212-6808,2024-12-13,2024-12-26,,,2,68,68,cancelledByVendor,pickup,2024-12-14,,15,5SbYMzADNTSypp3CHqdt,,TTij3aVJEo1crZBTESoA,,TTij3aVJEo1crZBTESoA,,TRUE
ZhS40klPa5bfOhySpJ49,PO241216-4240,2024-12-16,2024-12-16,,,2,32,32,cancelledByVendor,delivery,2024-12-17,0,,VYRYSuGNU6nfBSLEU21P,,3t5eiX9qJOqKN3lVEKUL,,3t5eiX9qJOqKN3lVEKUL,,TRUE
wKF5cdu05dYxXMOGveGZ,PO241217-9264,2024-12-17,2025-01-01,,,1,"292,8","292,8",cancelledByVendor,pickup,2024-12-27,,,DRDM55KCRs6yPwna5kRH,,,,,,FALSE
I5ZSTB5KeadwYyLaN6oG,PO241230-1560,2024-12-30,2025-01-13,,,1,63,63,cancelledByVendor,pickup,2025-01-03,,15,5SbYMzADNTSypp3CHqdt,,3p2ZPH2VHLTqsMJVrtvC,,3p2ZPH2VHLTqsMJVrtvC,,TRUE
cBoeINAbf0ApHWTftpuV,PO241230-9344,2024-12-30,2025-01-13,,,1,63,63,cancelledByVendor,pickup,2025-01-03,,15,5SbYMzADNTSypp3CHqdt,,3p2ZPH2VHLTqsMJVrtvC,,3p2ZPH2VHLTqsMJVrtvC,,TRUE
4SwMKsalylC7Nbo9VmwH,PO250109-2032,2025-01-09,2025-01-23,,,1,"15,9","15,9",cancelledByVendor,pickup,2025-01-11,,18,5SbYMzADNTSypp3CHqdt,,TgnMntaXQmST6m6EYIvt,,TgnMntaXQmST6m6EYIvt,,TRUE
vAl4vUmdEfiexUBjtzCa,PO250111-2680,2025-01-12,2025-01-25,,,3,"416,2","417,55",cancelledByCustomer,delivery,2025-01-14,9,,5SbYMzADNTSypp3CHqdt,,3p2ZPH2VHLTqsMJVrtvC,,3p2ZPH2VHLTqsMJVrtvC,,TRUE
503xGPHOb1c3qiKMZpL7,PO241108-0424,2025-01-13,2024-11-23,,,2,54,54,cancelledNotVerified,delivery,2024-11-13,0,,mCKuyiXCU4pxAzXeTLqY,,,,Ba1HSDfKbps1ygyea2hd,,TRUE
k5Gd3ElwfCrDc4PXbM6e,,2025-01-13,2021-08-11,,,4,"201,5","201,5",cancelledNotVerified,delivery,2021-07-15,,,2fnE1XiuRG39yBo7yB9S,,,,,,FALSE
gbZhUMvkDs1xLtlAvaFx,,2025-01-13,2021-08-18,,,7,"285,01","285,01",cancelledNotVerified,delivery,2021-07-22,,,2fnE1XiuRG39yBo7yB9S,,,,,,FALSE
dJJIJRuBD3Q2CGegQs1l,,2025-01-13,2021-07-21,,,4,"112,25","112,25",cancelledNotVerified,delivery,2021-06-23,,,96WfyBWlY4LIxh97AbYd,,IV7TW978aIOWyrr1P8cG,,,,FALSE
oYnKL9szOyORIaidTyRJ,,2025-01-13,2024-08-14,,,5,435,435,cancelledNotVerified,delivery,2024-07-16,0,,Wg0Ey5tINc9Me5HiUNxF,,,,Wg0Ey5tINc9Me5HiUNxF,,TRUE
n6MaAbNwErSg4HFp9DEY,,2025-01-13,2023-09-14,,,3,"255,2","255,2",cancelledNotVerified,delivery,2023-09-27,,,JqGLHEsc1PhtJ6VCIpyi,,,,,,FALSE
V1etQKK7UiFCkfmHwAhF,,2025-01-13,2023-01-30,,,2,"302,46","302,46",cancelledNotVerified,delivery,2023-01-26,,,p1psRZymrskOdudLEvMT,,,,,,FALSE
bLBZ0aSBvgIPSjV517sV,,2025-01-13,2022-08-11,,,9,"287,36","287,36",cancelledNotVerified,pickup,2022-07-29,,,JqGLHEsc1PhtJ6VCIpyi,,,,,,FALSE
HwgkYyqbMdhvV5NB3Cil,,2025-01-13,2024-07-20,,,2,"33,4","33,4",cancelledNotVerified,delivery,2024-07-10,5,,lyAVhJB5hKl00JDu12bj,,,,,,FALSE
QTrxoZFp2R6XEisScOLs,,2025-01-13,2021-07-07,,,1,60,60,cancelledNotVerified,delivery,2021-06-22,,,4NK5HrGBRsSOuU6DBpXX,,,,,,FALSE
YDzvEwoyaYzcDTM4DWP6,,2025-01-13,2024-08-22,,,7,"240,75","240,75",cancelledNotVerified,pickup,2024-08-09,,,b9BfyQpyz5fxTBbguFU8,,,,,,FALSE
19hs1Y7plHvbBpdWULsm,,2025-01-13,2023-09-06,,,2,"68,4","68,4",cancelledNotVerified,delivery,2023-08-24,0,,b9BfyQpyz5fxTBbguFU8,,,,,,FALSE
Db6rzEjBYHYa1pzT8EEw,,2025-01-13,2022-03-02,,,4,"475,5","475,5",cancelledNotVerified,delivery,2022-02-16,,,5bfmJqpmAAHRFyEckXDP,,,,,,FALSE
c3h6uxAj42LayHWskB83,,2025-01-13,2022-08-26,,,1,27,27,cancelledNotVerified,delivery,2022-08-12,,,aJAfJesqARzHn2IXSSJo,,,,,,FALSE
8wQr1W2H4Aou9b4wptfz,,2025-01-13,2023-11-11,,,4,"35,5","35,5",cancelledNotVerified,pickup,2023-11-03,,,b9BfyQpyz5fxTBbguFU8,,,,,,FALSE
OpTKvpjrsvqXVjEZykR3,,2025-01-13,2024-07-30,,,7,"189,25","189,25",cancelledNotVerified,delivery,2024-07-02,0,,Wg0Ey5tINc9Me5HiUNxF,,5IMlL7qDZDsLLFKRSsA9,,5IMlL7qDZDsLLFKRSsA9,,TRUE
XrnmMFKjjb0WXwUymzvV,,2025-01-13,2022-08-19,,,3,26,26,cancelledNotVerified,delivery,2022-08-05,4,,aJAfJesqARzHn2IXSSJo,,,,,,FALSE
T3zAwtpiMoArpmXwKETF,,2025-01-13,2021-09-08,,,4,"138,75","138,75",cancelledNotVerified,delivery,2021-08-12,10,,2fnE1XiuRG39yBo7yB9S,,,,,,FALSE
fXcVbUGS0jxKmZC1ZjhT,,2025-01-13,2021-07-28,,,10,"485,62","485,62",cancelledNotVerified,delivery,2021-07-01,,,2fnE1XiuRG39yBo7yB9S,,K8CnpBgvBdcsNzKsocDp,,,,FALSE
MLbiUo6RcYXGGw0UxWLM,,2025-01-13,2022-09-01,,,6,"106,1","106,1",cancelledNotVerified,delivery,2022-08-18,,,aJAfJesqARzHn2IXSSJo,,,,,,FALSE
rgrLflioLUfDwIIlVoTe,,2025-01-13,2021-07-29,,,3,"110,32","110,32",cancelledNotVerified,delivery,2021-07-20,0,,p1psRZymrskOdudLEvMT,,,,,,FALSE
N0Up5ZH5uiLImKGS4Blo,,2025-01-13,2023-10-31,,,5,85,85,cancelledNotVerified,delivery,2023-10-18,0,,mCKuyiXCU4pxAzXeTLqY,,,,oXNhKI6qac5H2oQOns23,,TRUE
uMrvv7nCJ48u8tOPWG5b,,2025-01-13,2022-09-16,,,4,51,51,cancelledNotVerified,delivery,2022-09-02,,,aJAfJesqARzHn2IXSSJo,,,,,,FALSE
KcPzuGLdlGt9TAqHaQgB,PO250115-7040,2025-01-15,2025-01-30,,,1,65,65,cancelledByVendor,delivery,2025-01-16,5,,i9gSl2aoojNnojdVdhfn,,,,i9gSl2aoojNnojdVdhfn,,TRUE
2733V2EUQh9JVS2qZ1QS,PO250113-0144,2025-01-16,2025-01-13,,,2,154,154,cancelledByVendor,delivery,2025-01-22,20,,rNLpukH8UjWpXmu889ym,,K8CnpBgvBdcsNzKsocDp,,K8CnpBgvBdcsNzKsocDp,,TRUE
YcyqBm5br2iffAkddD7x,PO250119-0032,2025-01-19,2025-02-03,,,7,"167,5","167,5",cancelledNotVerified,delivery,2025-01-21,,,i9gSl2aoojNnojdVdhfn,,,,,,FALSE
hOb4vWCliqvfbmDrOExG,PO250120-1312,2025-01-20,2025-02-04,,,2,60,60,cancelledByVendor,delivery,2025-01-22,5,,i9gSl2aoojNnojdVdhfn,,E27dDjzhoGo518caoQUv,,i9gSl2aoojNnojdVdhfn,,TRUE
MmKGDPQlu0FYONfPMWYZ,PO250129-1096,2025-01-29,2025-02-13,,,7,158,158,cancelledNotVerified,pickup,2025-02-04,,,i9gSl2aoojNnojdVdhfn,,,,,,FALSE
MwXxPMq5PVNaumfpLHl9,PO250130-2296,2025-01-30,2025-02-14,,,5,495,495,cancelledByVendor,delivery,2025-02-03,20,,iPZz78HlSL5Eior9e2xg,,,,iPZz78HlSL5Eior9e2xg,,TRUE
IrHvHfMq5MZs0uNZlvYb,250122-2352,2025-01-30,2025-03-08,,,6,"315,86","317,36",cancelledByVendor,delivery,2025-01-28,10,,OosAh6jwi62Cd5fvEZ8V,,01vvuU5DBHzljemulhPS,,01vvuU5DBHzljemulhPS,,TRUE
j85ssDQINPyieMH3qvf1,PO250131-7792,2025-02-02,2025-02-14,,,2,"196,5","197,4",cancelledByVendor,delivery,2025-02-04,6,,5SbYMzADNTSypp3CHqdt,,kPR5gdiIWhU83HolpuPz,,kPR5gdiIWhU83HolpuPz,,TRUE
dJauAulLrzTbSTYvw01T,PO250203-3008,2025-02-03,2025-02-18,,,6,544,544,cancelledByVendor,delivery,2025-02-06,,,XGY1yhJ2goEtAtwfpOl5,,0yDmuy9XtzY3YncsZFrJ,,0yDmuy9XtzY3YncsZFrJ,,TRUE
v8PqIwCGv7ys14JLDblS,PO250203-8192,2025-02-03,2025-02-18,,,7,644,644,cancelledByVendor,delivery,2025-02-06,,,XGY1yhJ2goEtAtwfpOl5,,0yDmuy9XtzY3YncsZFrJ,,0yDmuy9XtzY3YncsZFrJ,,TRUE
k5SX7MJigllTFU5flZnC,PO250206-5376,2025-02-06,2025-02-21,,,1,810,810,cancelledNotVerified,pickup,2025-07-01,,,GzJU6FJ0rrlPSBpRbB6k,,,,,,FALSE
yMLImLpdQxtxHR1EdOR4,PO250206-5984,2025-02-06,2025-03-08,,,1,12,12,cancelledByVendor,pickup,2025-05-31,,,GzJU6FJ0rrlPSBpRbB6k,,,,,,FALSE
dHyGVgUfGPhcDE1C4XO8,PO250206-0448,2025-02-06,2025-03-08,,,1,888,888,cancelledByVendor,pickup,2025-07-02,,,GzJU6FJ0rrlPSBpRbB6k,,,,,,FALSE
lXB0MSRRGI1UfVUR3AYg,PO250206-5064,2025-02-06,2025-03-08,,,1,705,705,cancelledByVendor,pickup,2025-07-02,,,GzJU6FJ0rrlPSBpRbB6k,,,,,,FALSE
htIlNEGhPl8FgpAd9UJW,PO250210-2792,2025-02-10,2025-02-25,,,7,202,202,cancelledByVendor,delivery,2025-02-12,5,,i9gSl2aoojNnojdVdhfn,,,,i9gSl2aoojNnojdVdhfn,,TRUE
IAfNx48qyVsixByRYF54,PO250210-2152,2025-02-11,2025-02-25,,,2,"103,5","103,5",cancelledNotVerified,delivery,2025-02-12,0,,96WfyBWlY4LIxh97AbYd,,,,,,FALSE