,,,unique_id,,,,,,lang,region,sous-region,city,,,,province,country,timestamp_creation,vegetable_fruit,meat,processed_product,maple_honey,bread,dairy,wild_product,seafood,oils_and_vinegars,alcohol_free_drink,alcohol_below_18_drink,alcohol_above_18_drink,non_food_products
,,,BIEABspqYO7Vbg0Bg1Lq,,,,,,fr,Montréal,Côte-des-Neiges - Notre-Dame-de-Grâce,Montreal,,,,Quebec,Canada,2021-01-21,TRUE,,,,,,,,,,,,
,,,96WfyBWlY4LIxh97AbYd,,,,,,fr,Montérégie,Le Haut-Richelieu,Saint-Jean-Sur-Richelieu,,,,Quebec,Canada,2021-01-28,TRUE,,TRUE,TRUE,,,TRUE,,,,,,
,,,x4tHUv0jgLZq2Yx12nrS,,,,,,fr,Montérégie,La Vallée-du-Richelieu,Carignan,,,,Quebec,Canada,2021-02-08,,TRUE,,,,,,,,,,,
,,,6L1f0YxI3BpTxSxULPJH,,,,,,fr,Capitale-Nationale,La Côte-de-Beaupré,Saint Ferréol Les Neiges,,,,Quebec,Canada,2021-02-08,,TRUE,TRUE,,,,,,,,,,
,,,fkcl4ulHfy4OYTiq6jY3,,,,,,fr,Lanaudière,L'Assomption,L'Épiphanie,,,,Quebec,Canada,2021-02-08,,TRUE,,,,,,,,,,,
,,,rNLpukH8UjWpXmu889ym,,,,,,fr,Montérégie,St-Eugène,St-Eugène,,,,Quebec,Canada,2021-02-17,TRUE,,,,,,,,,,,,
,,,5gfOmOll6j02irolQP2m,,,,,,fr,Montréal,Ahuntsic-Cartierville,Montréal,,,,Quebec,Canada,2021-02-18,,,TRUE,,TRUE,,,,,,,,
,,,l01IJwIe43FPpadnJT2o,,,,,,fr,Lanaudière,D'Autray,Saint-Norbert,,,,Quebec,Canada,2021-02-24,TRUE,,,,,,,,,,,,
,,,KD9YredfOxcW7AWNbzk9,,,,,,fr,Montréal,Le Plateau-Mont-Royal,Montréal,,,,Quebec,Canada,2021-02-25,,,,,TRUE,,,,,,,,
,,,ND021xr8L4qkAQUSIYKx,,,,,,en,Montréal,Côte-des-Neiges - Notre-Dame-de-Grâce,Montreal,,,,Quebec,Canada,2021-02-28,,,TRUE,,,,,,,,,,
,,,XwOjsEKcLIuaRYrD3wSW,,,,,,fr,Bas-Saint-Laurent,La Matanie,Baie-Des-Sables,,,,Quebec,Canada,2021-03-02,,,TRUE,,TRUE,,,,,,,,
,,,YhNtNuWuMnhARBkPin6Z,,,,,,fr,Laval,Laval,Laval,,,,Quebec,Canada,2021-03-04,TRUE,,TRUE,TRUE,,,,,TRUE,,,,
,,,BRaPGSah16nZ70FOSgPv,,,,,,fr,Montréal,Mercier - Hochelaga-Maisonneuve,Montréal,,,,Quebec,Canada,2021-03-04,TRUE,,,,,,,,,,,,
,,,0DYY7hwlPGFiDlqB7VhS,,,,,,fr,Centre-du-Québec,Arthabaska,St-Louis De Blandford,,,,Quebec,Canada,2021-03-15,TRUE,,TRUE,,,,,,,,,,
,,,EvopGzbcNDsA0fZOMopq,,,,,,fr,Saguenay--Lac-Saint-Jean,Lac-Saint-Jean-Est,Labrecque,,,,Quebec,Canada,2021-03-16,TRUE,,TRUE,,,,,,,,,,
,,,xwyY3GF2MPh7GC7QEe5I,,,,,,fr,Estrie,La Haute-Yamaska,Granby,,,,Quebec,Canada,2021-03-16,TRUE,,,,,,,,,,,,
,,,p1psRZymrskOdudLEvMT,,,,,,fr,Saguenay--Lac-Saint-Jean,Lac-Saint-Jean-Est,Saint-Gédéon,,,,Quebec,Canada,2021-03-17,,TRUE,TRUE,,,,,,,,,,
,,,0X2vDg1WheWGdoh0uKsx,,,,,,fr,Laurentides,Les Laurentides,Brébeuf,,,,Quebec,Canada,2021-03-22,TRUE,,,,,,,,,,,,
,,,Yf9XoPvMjxMomQTdMOiN,,,,,,fr,Montérégie,Acton,Roxton Falls,,,,Quebec,Canada,2021-03-24,TRUE,,,,,,,,,,,,
,,,2fnE1XiuRG39yBo7yB9S,,,,,,fr,Lanaudière,Joliette,Sainte-Mélanie,,,,Quebec,Canada,2021-03-25,TRUE,,,,,,,,,,,,
,,,v9D7TpU7Lhq2tDq6kGjQ,,,,,,fr,Montréal,Ahuntsic-Cartierville,Montréal,,,,Quebec,Canada,2021-03-25,,TRUE,TRUE,,TRUE,,,,,,,,
,,,e4NZ7I29NaFRc6O81skt,,,,,,fr,Chaudière-Appalaches,Les Appalaches,Disraeli,,,,Quebec,Canada,2021-03-26,TRUE,,,,,,,,,,,,
,,,ysm6oebdrE3EyJgbs64B,,,,,,fr,Estrie,Coaticook,Waterville,,,,Quebec,Canada,2021-03-30,,,,,TRUE,,,,,,,,
,,,wEOeDNOcGVoDjxCKvUpg,,,,,,fr,Centre-du-Québec,Arthabaska,St-François-De-La-Rive-S,,,,Quebec,Canada,2021-03-31,TRUE,TRUE,TRUE,TRUE,TRUE,TRUE,TRUE,,,,,,
,,,xaqX67YsIeufq3vI1Ac3,,,,,,fr,Montérégie,Le Haut-Richelieu,Saint-Blaise-Sur-Richelieu,,,,Quebec,Canada,2021-03-31,TRUE,,,TRUE,,,,,,,,,
,,,jIh7js4vnKJ4jPfE2LQ9,,,,,,fr,Outaouais,Papineau,Notre-Dame-De-La-Paix,,,,Quebec,Canada,2021-03-31,,,,TRUE,,,,,,,,,
,,,9RMSz3WXxOJBhcHJsiq0,,,,,,fr,Estrie,Brome-Missisquoi,Frelighsburg,,,,Quebec,Canada,2021-04-01,TRUE,,,,,,,,,,,,
,,,Xtjx8mlCcyKpmlHdf1Wb,,,,,,fr,Estrie,Brome-Missisquoi,Frelighsburg,,,,Quebec,Canada,2021-04-01,TRUE,,TRUE,,,,,,,,,,
,,,GydMAOUPH6lcucTmXHwR,,,,,,fr,Capitale-Nationale,Québec,Beauport,,,,Quebec,Canada,2021-04-08,,TRUE,TRUE,,TRUE,,TRUE,TRUE,,,,,
,,,9v5o7nYtxHRr8wgwzc09,,,,,,fr,Montérégie,Vaudreuil-Soulanges,Les Cèdres,,,,Quebec,Canada,2021-04-09,,,,,,TRUE,,,,,,,
,,,5tLc17Aghua8I158Bn7L,,,,,,fr,Estrie,Brome-Missisquoi,Sutton,,,,Quebec,Canada,2021-04-13,,,,TRUE,,,,,,,,,
,,,xNtjzzMTE4Jfvrml7yaw,,,,,,fr,Capitale-Nationale,Portneuf,Saint-Ubalde,,,,Quebec,Canada,2021-04-14,TRUE,,TRUE,,,,,,,,,,
,,,w0o8q8mue34E0MO09Tzy,,,,,,fr,Estrie,Brome-Missisquoi,Frelighsburg,,,,Quebec,Canada,2021-04-14,,,TRUE,,,,TRUE,,,,,,
,,,xc3XTpsArVmpjfFAdNik,,,,,,fr,Chaudière-Appalaches,Les Appalaches,Saint-Jacques-De-Leeds,,,,Quebec,Canada,2021-04-16,TRUE,,,,,,,,,,,,
,,,eZmLoWGLNiuoq7VUFESt,,,,,,fr,Mauricie,Mékinac,Saint-Tite,,,,Quebec,Canada,2021-04-20,,TRUE,TRUE,,,,,,,,,,
,,,4NK5HrGBRsSOuU6DBpXX,,,,,,fr,Montréal,Mercier - Hochelaga-Maisonneuve,Montréal,,,,Quebec,Canada,2021-04-22,TRUE,,,,,,,,,,,,
,,,Yfjcq7zoN7VFhpTLJDCi,,,,,,fr,Montérégie,Le Haut-Richelieu,Saint-Sébastien,,,,Quebec,Canada,2021-04-22,TRUE,,,,,,,,,,,,
,,,qa7vMhFqqvQu3C66ROhw,,,,,,fr,Chaudière-Appalaches,Bellechasse,St-Lazare De Bellechasse,,,,Quebec,Canada,2021-04-22,,TRUE,TRUE,,,,,,,,,,
,,,y7xqFJzU0W8gpAMUBesS,,,,,,fr,Montréal,Le Plateau-Mont-Royal,Montréal,,,,Quebec,Canada,2021-04-25,,,TRUE,,,,,,,,,,
,,,z61XDugXIl0egI5klTMe,,,,,,fr,Chaudière-Appalaches,La Nouvelle-Beauce,Sainte-Hénédine,,,,Quebec,Canada,2021-04-26,TRUE,,TRUE,,TRUE,,,,,,,,
,,,6FEvmyTyhfdKT53ys550,,,,,,fr,Montréal,Rosemont - La Petite-Patrie,Montréal,,,,Quebec,Canada,2021-04-26,,,,,,,TRUE,,,,,,
,,,NM7qCiYxW17pRC2mPEAo,,,,,,fr,Laval,Laval,Laval,,,,Quebec,Canada,2021-04-26,,,TRUE,,,,,,,,,,
,,,Y5Pl07wxbJKSGGObGIXR,,,,,,fr,Saguenay--Lac-Saint-Jean,,La Doré,,,,Quebec,Canada,2021-04-26,,,,TRUE,,,,,,,,,
,,,bNYNl90nrbPBj0kCDncH,,,,,,fr,Capitale-Nationale,Portneuf,Deschambault-Grondines,,,,Quebec,Canada,2021-04-26,,,,,,TRUE,,,,,,,
,,,ewZrNMuuIeGxk9N2XhXe,,,,,,fr,Montérégie,Les Maskoutains,Saint-Pie,,,,Quebec,Canada,2021-04-26,,TRUE,TRUE,,,,,,,,,,
,,,2fsuT0sBmyRVQTDOAhEU,,,,,,fr,Estrie,La Haute-Yamaska,Granby,,,,Quebec,Canada,2021-04-26,,,TRUE,,,,,,,,,,
,,,b7yIWkYkt7PJvW6mERGr,,,,,,fr,Chaudière-Appalaches,Robert-Cliche,Saint-Odilon,,,,Quebec,Canada,2021-04-28,,,,,,,TRUE,,,,,,
,,,5SbYMzADNTSypp3CHqdt,,,,,,fr,Estrie,Brome-Missisquoi,Cowansville,,,,Quebec,Canada,2021-04-30,,,,,TRUE,,,,,,,,
,,,lsbD1MN1P4Du0Sr3WvHG,,,,,,fr,Laurentides,,Mont-Laurier,,,,Quebec,Canada,2021-04-30,,TRUE,,,,,,,,,,,
,,,BuLx0cKinDo7V0qAp6Se,,,,,,fr,Estrie,Brome-Missisquoi,Dunham,,,,Quebec,Canada,2021-05-03,TRUE,TRUE,TRUE,,,,,,,,,,
,,,9kcWWfAXS5ffwxWZrkev,,,,,,fr,Montréal,Rosemont - La Petite-Patrie,Montreal,,,,Quebec,Canada,2021-05-03,,,TRUE,,,,,,,,,,
,,,khpuT6tNE6EaX7sVU8ZY,,,,,,fr,Estrie,Memphrémagog,Magog,,,,Quebec,Canada,2021-05-03,,,TRUE,,,,,,,,,,
,,,8ZfwHCX7pPG1WOcWJjps,,,,,,fr,Montérégie,Les Maskoutains,Saint-Louis,,,,Quebec,Canada,2021-05-04,TRUE,,,,,,,,,,,,
,,,4433BFsbGqZF1hJtGrYb,,,,,,en,Montréal,Senneville,Senneville,,,,Quebec,Canada,2021-05-04,TRUE,,,,,,,,,,,,
,,,owDfAUp7ai39x6ZXKmH5,,,,,,fr,Lanaudière,Montcalm,Saint-Jacques,,,,Quebec,Canada,2021-05-04,TRUE,,,,,,,,,,,,
,,,uTdjR5teGiyPUxevtYn8,,,,,,fr,Lanaudière,Montcalm,St-Roch De L'Achigan,,,,Quebec,Canada,2021-05-04,TRUE,,,,,,,,,,,,
,,,2J3hqdhoK3GbUcxiQN2M,,,,,,fr,Gaspésie--Îles-de-la-Madeleine,Bonaventure,Saint-Alphonse,,,,Quebec,Canada,2021-05-04,,,TRUE,,,,,,,,,,
,,,NAdm1t8ogDzB42oJVq51,,,,,,fr,Saguenay--Lac-Saint-Jean,Lac-Saint-Jean-Est,St-Gédéon,,,,Quebec,Canada,2021-05-04,,,TRUE,,,,,,,,,,
,,,XC1iuDQasxRK9c2hyjYK,,,,,,fr,Lanaudière,D'Autray,Lanoraie,,,,Quebec,Canada,2021-05-04,,,TRUE,,,,,,,,,,
,,,awSCzGH4um0ty854qtOO,,,,,,fr,Chaudière-Appalaches,L'Islet,St-Jean-Port-Joli,,,,Quebec,Canada,2021-05-04,,,TRUE,,TRUE,,,,,,,,
,,,DKtUDDe6z3kHyNnSx35m,,,,,,fr,Laurentides,,Mont-Laurier,,,,Quebec,Canada,2021-05-05,TRUE,,,,,,,,,,,,
,,,MK82nbYcxHkVnPO6gdFI,,,,,,fr,Estrie,Les Sources,Richmond,,,,Quebec,Canada,2021-05-05,TRUE,,,,,,,,,,,,
,,,5HrZE1okSYNyQo7Szn3V,,,,,,fr,Lanaudière,D'Autray,Berthierville,,,,Quebec,Canada,2021-05-05,,,TRUE,,,,,,,,,,
,,,9DxJd1Xh4cojMGl2rcHD,,,,,,fr,Chaudière-Appalaches,Montmagny,St-Francois-De-La-Riviere-Du-S,,,,Quebec,Canada,2021-05-06,TRUE,TRUE,TRUE,,,,,,,,,,
,,,cvFXYLUKo22j17jxT8DC,,,,,,fr,Montérégie,Les Maskoutains,La Présentation,,,,Quebec,Canada,2021-05-06,TRUE,,,,,,,,,,,,
,,,1QEz84NbcXp0r7dHxH59,,,,,,fr,Estrie,Le Val-Saint-François,Ste-Anne-De-La-Rochelle,,,,Quebec,Canada,2021-05-10,TRUE,,,,,,,,,,,,
,,,PKpjB4uehZ9kemtamXaF,,,,,,fr,Estrie,Brome-Missisquoi,Bolton-Ouest,,,,Quebec,Canada,2021-05-10,,,TRUE,TRUE,,,,,TRUE,,,,
,,,FV4U8Za8rFk7OZj10xLB,,,,,,fr,Laurentides,Argenteuil,Harrington,,,,Quebec,Canada,2021-05-10,,,TRUE,,,,TRUE,,,,,,
,,,2pyq8z3Njj0ZFJtAYJCj,,,,,,fr,Chaudière-Appalaches,Robert-Cliche,St-Joseph Bce,,,,Quebec,Canada,2021-05-11,TRUE,,,,,,,,,,,,
,,,7pQMX4ohLdQTqB99bewh,,,,,,fr,Montérégie,Vaudreuil-Soulanges,Rigaud,,,,Quebec,Canada,2021-05-11,TRUE,,,,,,,,,,,,
,,,aE9IlNp4zWX8MozZFM3i,,,,,,fr,Montérégie,Longueuil,Boucherville,,,,Quebec,Canada,2021-05-11,TRUE,TRUE,,TRUE,,,,,,,,,
,,,ENhY78GZ3uOxwe3MqU1Z,,,,,,fr,Côte-Nord,Sept-Rivières,Clarke City,,,,Quebec,Canada,2021-05-11,,,TRUE,,,,TRUE,,,,,,
,,,aosWqMDVt7q8vkCDNmTe,,,,,,fr,Nord-du-Québec,,Chibougamau,,,,Quebec,Canada,2021-05-11,,,,,,,TRUE,,,,,,
,,,dh99GL2mSoZevQXLAR1a,,,,,,fr,Centre-du-Québec,L'Érable,Laurierville,,,,Quebec,Canada,2021-05-12,TRUE,,,,,,,,,,,,
,,,wHOn5pFjPlfXRtfHRNBz,,,,,,fr,Montréal,Le Plateau-Mont-Royal,Montreal,,,,Quebec,Canada,2021-05-13,TRUE,,,,,,,,,,,,
,,,oKAnnYm9n0gF348vXaZK,,,,,,fr,Centre-du-Québec,L'Érable,Inverness,,,,Quebec,Canada,2021-05-13,TRUE,TRUE,TRUE,TRUE,,,,,,,,,
,,,Z0wAofufEB9bbqglkSNg,,,,,,fr,Estrie,Sherbrooke,Sherbrooke,,,,Quebec,Canada,2021-05-13,TRUE,,TRUE,,,,,,,,,,
,,,1EI6aRggLphvrJUsCApv,,,,,,fr,Montréal,Ahuntsic-Cartierville,Montreal,,,,Quebec,Canada,2021-05-19,,,TRUE,,,,,,,,,,
,,,u5VX7tM6AYkIXxRZBPaF,,,,,,fr,Outaouais,Gatineau,Chandler,,,,Quebec,Canada,2021-05-26,TRUE,,TRUE,,,,,,,,,,
,,,AL53C6dstvr3orqwhigE,,,,,,fr,Montréal,Mercier - Hochelaga-Maisonneuve,Montreal,,,,Quebec,Canada,2021-05-26,TRUE,,TRUE,,,,,,,,,,
,,,IznZ9pIUjlb9SWy7m68n,,,,,,fr,Montréal,Rivière-des-Prairies - Pointe-aux-Trembles,Montréal,,,,Quebec,Canada,2021-05-27,TRUE,,TRUE,,,,,,,,,,
,,,6UkZCOhAOVxlTJzyERos,,,,,,fr,Capitale-Nationale,Portneuf,Saint-Basile,,,,Quebec,Canada,2021-05-31,TRUE,,,,,,,,,,,,
,,,HfynLFOJi8LGibVE2ZAK,,,,,,fr,Centre-du-Québec,Arthabaska,Chesterville,,,,Quebec,Canada,2021-05-31,TRUE,,,,,,,,,,,,
,,,Eh9eMKSksoOjQoAXMhAr,,,,,,fr,Montréal,Mercier - Hochelaga-Maisonneuve,Montreal,,,,Quebec,Canada,2021-05-31,,,,,,,TRUE,,,,,,
,,,tREkEvj0Yd5CXPGwZv5f,,,,,,en,,,Sainte-Anne-De-Bellevue,,,,Quebec,Canada,2021-06-04,TRUE,,,,,,,,,,,,
,,,wr4U0Iz3fRhbKibt4DSB,,,,,,fr,Montérégie,Acton,Wickham,,,,Quebec,Canada,2021-06-08,TRUE,,,,,,,,,,,,
,,,TC2b7T7GO1dA4epxZk0v,,,,,,fr,Montréal,Mercier - Hochelaga-Maisonneuve,Montréal,,,,Quebec,Canada,2021-06-11,,,TRUE,TRUE,,,,,,,,,
,,,7oZRe0B1Pk8wjJEQCqDg,,,,,,fr,Chaudière-Appalaches,Les Appalaches,Disraeli,,,,Quebec,Canada,2021-06-14,TRUE,,,,,,,,,,,,
,,,jBvf2RQNcEuT3PkwCJ73,,,,,,fr,Montérégie,Le Haut-Richelieu,Mont-St-Grégoire,,,,Quebec,Canada,2021-06-14,TRUE,,,,,,,,,,,,
,,,4LYhggsU50gkm6GJrhRp,,,,,,fr,Estrie,Le Val-Saint-François,Lawrenceville,,,,Quebec,Canada,2021-06-14,TRUE,,,,,,,,,,,,
,,,5bfmJqpmAAHRFyEckXDP,,,,,,fr,Centre-du-Québec,Drummond,L'Avenir,,,,Quebec,Canada,2021-06-15,TRUE,,,,,,,,,,,,
,,,evc1HAuSWqyJ8NpWqLVv,,,,,,fr,Estrie,Le Haut-Saint-François,Cookshire Eaton,,,,Quebec,Canada,2021-06-17,TRUE,,,,,,,,,,,,
,,,wny8J5o5hpeQbDkru777,,,,,,fr,Chaudière-Appalaches,Les Appalaches,Saint-Julien,,,,Quebec,Canada,2021-06-21,TRUE,TRUE,TRUE,,,,,,,,,,
,,,OeIOBqsaLvIH3BxdEsGR,,,,,,fr,Bas-Saint-Laurent,Les Basques,Saint-Mathieu-De-Rioux,,,,Quebec,Canada,2021-06-21,TRUE,,,,,,,,,,,,
,,,JEeY3Z6yG28BHV1rYysc,,,,,,fr,Montréal,LÎle-Bizard - Sainte-Geneviève,L'Île-Bizard,,,,Quebec,Canada,2021-06-21,TRUE,,,,,,,,,,,,
,,,mf8g5ACA2O6bmFejy2pA,,,,,,fr,Chaudière-Appalaches,Lotbinière,Sainte-Croix,,,,Quebec,Canada,2021-06-21,TRUE,,,,,,,,,,,,
,,,ncNyWhDedrwAXLer0l5Y,,,,,,fr,Centre-du-Québec,Drummond,St Bonaventure,,,,Quebec,Canada,2021-06-21,TRUE,,,,,,,,,,,,
,,,8FI5fc3CF4ohjg5YffWT,,,,,,fr,Montérégie,Vaudreuil-Soulanges,Vaudreuil-Dorion,,,,Quebec,Canada,2021-06-21,TRUE,,,,,,,,,,,,
,,,ZfRFntWrU5zvo8gnz7ZJ,,,,,,fr,Gaspésie--Îles-de-la-Madeleine,La Côte-de-Gaspé,Gaspé,,,,Quebec,Canada,2021-06-21,,,,,,,,TRUE,,,,,
,,,GtPZk6spQYtjY78sM0lV,,,,,,fr,Lanaudière,D'Autray,Saint-Gabriel-De-Brandon,,,,Quebec,Canada,2021-06-22,TRUE,,,,,,,,,,,,
,,,bdtHzKBeb8ERLfMxjLz8,,,,,,fr,Bas-Saint-Laurent,La Matanie,Matane,,,,Quebec,Canada,2021-06-22,TRUE,,,,,,,,,,,,
,,,0gkqJVmUr5530wM5veQH,,,,,,fr,Lanaudière,Matawinie,Rawdon,,,,Quebec,Canada,2021-06-22,,,,,,TRUE,,,,,,,
,,,MtMpyxpYX2Xj4A7FeRfz,,,,,,fr,Chaudière-Appalaches,Lotbinière,Val-Alain,,,,Quebec,Canada,2021-06-23,TRUE,TRUE,TRUE,,,,,,,,,,
,,,SwdNg7F0jGxtuaUgZT2g,,,,,,fr,Capitale-Nationale,Portneuf,Deschambault,,,,Quebec,Canada,2021-06-23,TRUE,,,,,,,,,,,,
,,,iI2lDSjLdTKOO8UNJ9N8,,,,,,fr,Montréal,Rosemont - La Petite-Patrie,Montreal,,,,Quebec,Canada,2021-06-24,TRUE,,,,,,,,,,,,
,,,je9dgJZdalgZiH6SoiWl,,,,,,fr,Montérégie,Le Haut-Richelieu,Saint-Jean-Sur-Richelieu,,,,Quebec,Canada,2021-06-26,,,,,TRUE,,,,,,,,
,,,dZPI1Xi2U3UoyxyBkvZQ,,,,,,fr,Chaudière-Appalaches,Lévis,Lévis,,,,Quebec,Canada,2021-06-27,TRUE,,,,,,,,,,,,
,,,cZ3IpmynLuSjFxRvBpu0,,,,,,fr,Montérégie,Vaudreuil-Soulanges,Ndip,,,,Quebec,Canada,2021-06-28,,,,,TRUE,,,,,,,,
,,,1xlEsOckgJYsjulredV2,,,,,,fr,Outaouais,Papineau,Saint-André Avellin,,,,Quebec,Canada,2021-06-29,TRUE,,,,,,,,,,,,
,,,2DDejciERip0pPOdsQa5,,,,,,fr,Montréal,Montréal-Nord,Montreal,,,,Quebec,Canada,2021-06-29,,,,,TRUE,,,,,,,,
,,,lXTwBXZCccfVtkr55giP,,,,,,fr,Estrie,Coaticook,Coaticook,,,,Quebec,Canada,2021-06-29,,,TRUE,,,,,,,,,,
,,,JqGLHEsc1PhtJ6VCIpyi,,,,,,en,Estrie,Brome-Missisquoi,Brome,,,,Quebec,Canada,2021-06-30,,TRUE,,,,,,,,,,,
,,,5N1gAZSZ1aaRph5zt6Aq,,,,,,fr,Lanaudière,Matawinie,Saint-Côme,,,,Quebec,Canada,2021-06-30,,,,,,,TRUE,,,,,,
,,,pvjCVEnOlFdHDa1wV8xA,,,,,,fr,Chaudière-Appalaches,Lotbinière,St-Gilles,,,,Quebec,Canada,2021-06-30,,TRUE,,,,,,,,,,,
,,,Kh9Igmt2mVaHi8n28EBn,,,,,,fr,Chaudière-Appalaches,Lévis,Lévis,,,,Quebec,Canada,2021-07-01,TRUE,,,,,,,,,,,,
,,,ZMakQAZwbFWQsunqoGKq,,,,,,fr,Estrie,Le Haut-Saint-François,Sawyerville,,,,Quebec,Canada,2021-07-01,TRUE,,TRUE,TRUE,,,,,,,,,
,,,IjlNMo7cX1SBBTqtbg5H,,,,,,fr,Saguenay--Lac-Saint-Jean,Saguenay,Jonquière,,,,Quebec,Canada,2021-07-02,TRUE,,,,,,,,,,,,
,,,LV75Nn8pPuq7JkpaUBDY,,,,,,fr,Outaouais,Papineau,Notre-Dame-De-La-Paix,,,,Quebec,Canada,2021-07-02,TRUE,,,,,,,,,,,,
,,,bVc9PBIPBgcmQa2CiOUJ,,,,,,fr,Lanaudière,Les Moulins,Terrebonne,,,,Quebec,Canada,2021-07-02,TRUE,,,,,,,,,,,,
,,,5aC85XLiAsOUK6NnI5Vb,,,,,,fr,Chaudière-Appalaches,Lotbinière,Val-Alain,,,,Quebec,Canada,2021-07-03,TRUE,,,,,,,,,,,,
,,,dd2ngU3Fqbqudqluf8Xw,,,,,,fr,Estrie,Les Sources,Saint-Camille,,,,Quebec,Canada,2021-07-03,TRUE,,,,,,,,,,,,
,,,JEmQas9zmifmzQkfVxZr,,,,,,en,Estrie,Memphrémagog,Ogden,,,,Quebec,Canada,2021-07-03,TRUE,,,,,,,,,,,,
,,,cFGkFsJnkNhTDDgkue4x,,,,,,fr,Estrie,La Haute-Yamaska,Sainte-Cécile-De-Milton,,,,Quebec,Canada,2021-07-05,TRUE,,,,,,,,,,,,
,,,0WqGvt0kzBsa0XPVArMB,,,,,,fr,Estrie,Memphrémagog,Eastman,,,,Quebec,Canada,2021-07-08,,,TRUE,,TRUE,,,,,,,,
,,,mHBtHIMcDSA9y8RjTNM3,,,,,,fr,Abitibi-Témiscamingue,,Dupuy,,,,Quebec,Canada,2021-07-10,,TRUE,,,,,,,,,,,
,,,V3UVM2BlXnu6mqIKIX2n,,,,,,fr,Montréal,Le Plateau-Mont-Royal,Montréal,,,,Quebec,Canada,2021-07-14,,,TRUE,,,,,,,,,,
,,,10daeLNvgYXmLZRpWBqa,,,,,,fr,Montérégie,Brome-Missisquoi,Pike River,,,,Quebec,Canada,2021-07-21,TRUE,,,,,,,,,,,,
,,,fe5njlFrbHQvz16cE6z6,,,,,,fr,Laurentides,Deux-Montagnes,Oka,,,,Quebec,Canada,2021-07-26,TRUE,,,,,,,,,,,,
,,,d0Kn2zZaEeQnEZ6BJ6xo,,,,,,fr,Estrie,Brome-Missisquoi,Dunham,,,,Quebec,Canada,2021-07-27,TRUE,,TRUE,,,,,,,,,,
,,,dbgU98BRrGrli0FS1eVR,,,,,,fr,Montréal,Ahuntsic-Cartierville,Montreal,,,,Quebec,Canada,2021-07-27,TRUE,,TRUE,,,,,,,,,,
,,,GzJU6FJ0rrlPSBpRbB6k,,,,,,fr,Côte-Nord,Manicouagan,Pointe-Aux-Outardes,,,,Quebec,Canada,2021-07-27,TRUE,,,,,,,,,,,,
,,,JRucxufc8rT041AdUoqM,,,,,,fr,Lanaudière,Montcalm,Saint-Liguori,,,,Quebec,Canada,2021-07-28,TRUE,,,,,,,,,,,,
,,,bconEVNM3XYmIY8UTpCU,,,,,,fr,Lanaudière,Montcalm,Saint-Jacques,,,,Quebec,Canada,2021-07-29,TRUE,,,,,,,,,,,,
,,,m90yCHxJRpdfQgI30EwX,,,,,,fr,Lanaudière,Montcalm,Saint-Jacques,,,,Quebec,Canada,2021-07-29,TRUE,,,,,,,,,,,,
,,,zkFrXrFqYVeMhSxcc2pt,,,,,,fr,Montérégie,Le Haut-Saint-Laurent,Huntingdon,,,,Quebec,Canada,2021-07-29,,TRUE,TRUE,,,,,,,,,,
,,,PF4yV3KEBvlc4LA4ejfG,,,,,,en,Laurentides,Les Laurentides,Saint-Faustin-Lac-Carré,,,,Quebec,Canada,2021-07-30,TRUE,,,,,,,,,,,,
,,,gpviXL6xRNyv04OH0M9n,,,,,,fr,Lanaudière,Matawinie,Rawdon,,,,Quebec,Canada,2021-07-30,TRUE,,,,,,,,,,,,
,,,RXqTjytuKctUaEW3Vd1E,,,,,,fr,Laurentides,Les Laurentides,Labelle,,,,Quebec,Canada,2021-07-30,,,TRUE,,,,TRUE,,,,,,
,,,UFE7DqFoZw4AjGBTvK5l,,,,,,fr,Estrie,Les Sources,Saint-Adrien,,,,Quebec,Canada,2021-07-30,,TRUE,TRUE,TRUE,,,,,,,,,
,,,YzUhZNueE5ykrJwA8jsF,,,,,,fr,Capitale-Nationale,Québec,Québec,,,,Quebec,Canada,2021-07-31,,TRUE,,,,,,,,,,,
,,,9jDg6mtBDSLyRqX2mR8z,,,,,,fr,Montérégie,Les Jardins-de-Napierville,St-Jacques-Le-Mineur,,,,Quebec,Canada,2021-08-01,TRUE,,,TRUE,,,,,,,,,
,,,Sira3NDn2bZ9r6cshdHK,,,,,,fr,Montérégie,Le Haut-Saint-Laurent,Franklin,,,,Quebec,Canada,2021-08-01,TRUE,,,,,,,,,,,,
,,,2aCxGZqeVxkSUPZwClPf,,,,,,fr,Chaudière-Appalaches,Montmagny,Sainte-Lucei-De-Beauregard,,,,Quebec,Canada,2021-08-01,,,,TRUE,,,,,,,,,
,,,oSUJzbDjXBdlOsFsBeji,,,,,,fr,Bas-Saint-Laurent,Témiscouata,Lejeune,,,,Quebec,Canada,2021-08-02,TRUE,,,,,,,,,,,,
,,,gizaEbHMpKxmpeZVw5Bl,,,,,,fr,Lanaudière,Montcalm,Saint-Esprit,,,,Quebec,Canada,2021-08-03,TRUE,,,,,,,,,,,,
,,,UeTuV6p8ye2s3NIHCiaz,,,,,,fr,Centre-du-Québec,L'Érable,St-Ferdinand,,,,Quebec,Canada,2021-08-03,,TRUE,,,,,,,,,,,
,,,KAujptZpKxAGcUkHqKtG,,,,,,fr,Montréal,Le Plateau-Mont-Royal,Montréal,,,,Quebec,Canada,2021-08-03,,,TRUE,,,,,,,,,,
,,,SpAb8nxIhrPI1NYLwyyV,,,,,,fr,Côte-Nord,La Haute-Côte-Nord,Les Bergeronnes,,,,Quebec,Canada,2021-08-03,,,,,,,TRUE,,,,,,
,,,spSLaHdRu7S62uA1veMb,,,,,,fr,Estrie,Brome-Missisquoi,Frelighsburg,,,,Quebec,Canada,2021-08-09,TRUE,,,,,,,,,,,,
,,,b9BfyQpyz5fxTBbguFU8,,,,,,fr,Lanaudière,Matawinie,Saint Felix De Valois,,,,Quebec,Canada,2021-08-11,TRUE,,,,,,,,,,,,
,,,TYF9WF6QRh1MIfWHfbkO,,,,,,fr,Bas-Saint-Laurent,La Mitis,Sainte-Luce,,,,Quebec,Canada,2021-08-16,,,,,,,,TRUE,,,,,
,,,o5PmiEP55J4t4QMPctiI,,,,,,fr,Montérégie,Le Haut-Richelieu,Saint-Jean-Sur-Richelieu,,,,Quebec,Canada,2021-08-16,,,TRUE,,,,,,,,,,
,,,TO9rQY5aGhYuMI1KfObX,,,,,,fr,Laurentides,Deux-Montagnes,Oka,,,,Quebec,Canada,2021-08-24,TRUE,,,TRUE,,,,,,,,,
,,,eVxxgBMxKaw9yOtTVlIf,,,,,,fr,Estrie,Coaticook,Compton,,,,Quebec,Canada,2021-08-30,,,TRUE,,,,,,,,,,
,,,WgVwnuPxLJ0Vhfc3eq7Y,,,,,,fr,Laurentides,Deux-Montagnes,St-Joseph-Du-Lac,,,,Quebec,Canada,2021-09-01,TRUE,,,,,,,,,,,,
,,,DtlLhnNbXHW9ghZ7EQAk,,,,,,fr,Estrie,La Haute-Yamaska,Sainte-Cecile-De-Milton,,,,Quebec,Canada,2021-09-01,TRUE,,,,,,,,,,,,
,,,SkUjTMy6EalNcVRVcGTQ,,,,,,fr,Chaudière-Appalaches,Bellechasse,Saint-Gervais,,,,Quebec,Canada,2021-09-02,,,TRUE,,,TRUE,,,,,,,
,,,IjIFFgQvx3MewB3tg1KZ,,,,,,fr,Lanaudière,D'Autray,Lavaltrie,,,,Quebec,Canada,2021-09-06,TRUE,,,,,,,,,,,,
,,,WaKc25LyuyfQiVGINHi1,,,,,,fr,Saguenay--Lac-Saint-Jean,Lac-Saint-Jean-Est,Alma,,,,Quebec,Canada,2021-09-07,,,TRUE,,,,,,,,,,
,,,bLmktXHLKf71ZhpK3LlM,,,,,,fr,Centre-du-Québec,Arthabaska,Victoriaville,,,,Quebec,Canada,2021-09-08,,,,,TRUE,,,,,,,,
,,,8IHcy8lhP4Y0o4O4x9x8,,,,,,fr,Capitale-Nationale,Portneuf,Saint-Alban,,,,Quebec,Canada,2021-09-11,,,,,,,,,,,,,
,,,uaMrIMBr5tUU6yqlN7Rb,,,,,,fr,Outaouais,Papineau,Notre Dame De La Paix,,,,Quebec,Canada,2021-09-17,TRUE,,,,,,,,,,,,
,,,7LjrUdkbQ56uVeQiHtcN,,,,,,fr,Estrie,Brome-Missisquoi,Saint Armand,,,,Quebec,Canada,2021-09-20,TRUE,,,,,,TRUE,,,,,,
,,,GXznJLrx67imjmaoSoo9,,,,,,fr,Lanaudière,D'Autray,Saint-Norbert,,,,Quebec,Canada,2021-09-22,TRUE,,,,,,,,,,,,
,,,vDQefUk3FcJh6sBQvnoh,,,,,,fr,Estrie,Les Sources,Wotton,,,,Quebec,Canada,2021-09-22,,,,,,,,,,,,,
,,,KYlrIrQiq3F7kE7OViVn,,,,,,fr,Montérégie,Les Maskoutains,St Valérien De Milton,,,,Quebec,Canada,2021-09-28,TRUE,TRUE,,,,,,,,,,,
,,,qc3LrR1YG9YzNR8HeMOH,,,,,,fr,Laurentides,Les Laurentides,Boileau,,,,Quebec,Canada,2021-09-28,,,,TRUE,,,,,,,,,
,,,99dzbodSlcwiJBKfBWhs,,,,,,fr,Laurentides,Les Laurentides,Val-David,,,,Quebec,Canada,2021-09-28,,TRUE,TRUE,,,,,,,,,,
,,,m73zRGEtfHHzCfRsG8sV,,,,,,fr,Montérégie,Longueuil,Saint Hubert,,,,Quebec,Canada,2021-10-03,,,TRUE,,,,,,TRUE,,,,
,,,ZFRnYgmidK0jTd2lXwW9,,,,,,fr,Montréal,Ahuntsic-Cartierville,Montréal,,,,Quebec,Canada,2021-10-04,TRUE,,TRUE,,,,,,,,,,
,,,TYbdeF3McbkLNyfdudqn,,,,,,fr,Montérégie,Longueuil,Saint-Bruno-De-Montarville,,,,Quebec,Canada,2021-10-06,,,TRUE,,,,,,,,,,
,,,vKbwKAtyhsbDs47JEQML,,,,,,fr,Centre-du-Québec,Drummond,Drummondville,,,,Quebec,Canada,2021-10-07,TRUE,,,,,,,,,,,,
,,,izcdWKAMLxfVhnQGVj1W,,,,,,fr,Lanaudière,Montcalm,Saint-Roch-Ouest,,,,Quebec,Canada,2021-10-10,TRUE,,TRUE,,,,,,,,,,
,,,zHfExh3iJLV6jG3QQ4WF,,,,,,fr,Estrie,Brome-Missisquoi,Farnham,,,,Quebec,Canada,2021-10-18,TRUE,,,,,,,,,,,,
,,,5b15DX79SPcNpUyi4uQ0,,,,,,fr,Lanaudière,D'Autray,St-Norbert,,,,Quebec,Canada,2021-10-19,,,TRUE,,,,,,,,,,
,,,z6aNHSmuuotso3LucLPN,,,,,,fr,Montérégie,Le Haut-Richelieu,Pike River,,,,Quebec,Canada,2021-10-22,,TRUE,,,,,,,,,,,
,,,c6nOiKV1sbFh7gsqC5n2,,,,,,fr,,,Ogden,,,,Quebec,Canada,2021-10-25,TRUE,,,,,,,,,,,,
,,,rU1Oc541eIvXVCv8stKD,,,,,,fr,Montréal,Pierrefonds - Roxboro,Montréal / Pierrefonds,,,,Quebec,Canada,2021-10-26,TRUE,,,,,,,,,,,,
,,,b0pPiq99RWFG5MG4wk20,,,,,,fr,Centre-du-Québec,Drummond,Drummondville,,,,Quebec,Canada,2021-10-28,TRUE,,,,,,,,,,,,
,,,y322O5E2GQ27kfJEoUAJ,,,,,,fr,Centre-du-Québec,Arthabaska,Warwick,,,,Quebec,Canada,2021-11-01,,TRUE,TRUE,TRUE,,,,,,,,,
,,,kL7iDLy4sjqAEwmPrj3I,,,,,,fr,Estrie,Le Haut-Saint-François,Scotstown,,,,Quebec,Canada,2021-11-01,,TRUE,,,,,,,,,,,
,,,JhNzxv6he8UcfslFpFGD,,,,,,fr,Estrie,Le Val-Saint-François,Stoke,,,,Quebec,Canada,2021-11-04,TRUE,,,,,,,,,,,,
,,,kFUuBFC4wDT5OA0Rkr7u,,,,,,fr,Montréal,LÎle-Bizard - Sainte-Geneviève,Montreal,,,,Quebec,Canada,2021-11-05,TRUE,,,,,,,,,,,,
,,,VEwLnlWOEzNLgu7TtHxA,,,,,,fr,Montréal,Rosemont - La Petite-Patrie,Montréal,,,,Quebec,Canada,2021-11-09,,,TRUE,,,,,,,,,,
,,,EWF4fz8F5Sr8gmrZ1mhw,,,,,,fr,Centre-du-Québec,Drummond,Drummondville,,,,Quebec,Canada,2021-11-17,TRUE,,TRUE,,,,,,,,,,
,,,GyCLmySQhyIAyVAWAYxw,,,,,,fr,Laurentides,La Rivière-du-Nord,Ste-Sophie,,,,Quebec,Canada,2021-11-17,,,,,,,TRUE,,,,,,
,,,Fz6Skmd4O55jU2fOUnBL,,,,,,fr,Montérégie,Acton,Béthanie,,,,Quebec,Canada,2021-11-18,TRUE,,,,,,,,,,,,
,,,IEeHDYo4nzNHL9PThl24,,,,,,fr,Capitale-Nationale,Portneuf,Donnacona,,,,Quebec,Canada,2021-11-18,TRUE,,,TRUE,,,,,,,,,
,,,cMU8oxxvoIYn85Ok0nIa,,,,,,fr,Estrie,Sherbrooke,Sherbrooke,,,,Quebec,Canada,2021-11-21,TRUE,,,,,,,,,,,,
,,,US8x9szMEaZFsqWbH5Q7,,,,,,fr,Outaouais,Papineau,Plaisance,,,,Quebec,Canada,2021-11-22,TRUE,,,,,,,,,,,,
,,,NCQKN05YwjlPlBRkvn6P,,,,,,fr,Estrie,Brome-Missisquoi,Bromont,,,,Quebec,Canada,2021-11-23,TRUE,,,TRUE,,,,,,,,,
,,,X757NuzKdMpkoVFRfOph,,,,,,fr,Montérégie,Les Jardins-de-Napierville,St-Bernard-De-Lacolle,,,,Quebec,Canada,2021-11-23,TRUE,,,,,,,,,,,,
,,,sR8ZoBvsopwQDPIs28as,,,,,,fr,Montérégie,Le Haut-Richelieu,Lacolle,,,,Quebec,Canada,2021-11-23,TRUE,,,,,,,,,,,,
,,,5FNIS4eo7BI21FGxstpx,,,,,,fr,Chaudière-Appalaches,Les Appalaches,Saint-Jacques De Leeds,,,,Quebec,Canada,2021-11-25,TRUE,,,,,,,,,,,,
,,,Be4j1K24r8wPTDSmYJLh,,,,,,fr,Estrie,Brome-Missisquoi,Bedford,,,,Quebec,Canada,2021-11-26,,,TRUE,,,,,,,,,,
,,,YiTuoGRDj4cC9OsT0jii,,,,,,fr,Montréal,Ville-Marie,Montréal,,,,Quebec,Canada,2021-11-30,TRUE,,,,,,,,,,,,
,,,tu0m7IZdh7f94NQMQJyd,,,,,,fr,Montérégie,Vaudreuil-Soulanges,Saint-Lazare,,,,Quebec,Canada,2021-12-05,TRUE,,,,,,,,,,,,
,,,x6iiKt4vlJalU3yPVr3G,,,,,,fr,Mauricie,Mékinac,Proulxville,,,,Quebec,Canada,2021-12-06,TRUE,,,,,,,,,,,,
,,,474UAr7Tfm7ajVNwigna,,,,,,fr,Mauricie,Maskinongé,Saint-Boniface,,,,Quebec,Canada,2021-12-06,,TRUE,,,,TRUE,,,,,,,
,,,7EgGwqYYOZYDxoWiXG57,,,,,,fr,Lanaudière,D'Autray,Berthierville,,,,Quebec,Canada,2021-12-06,,,TRUE,,,,,,,,,,
,,,9tiHWpgnbT1VUzmxCc8k,,,,,,fr,Laurentides,,Saint-Aîmé-Du-Lac-Des-Îles,,,,Quebec,Canada,2021-12-07,,,,,,,TRUE,,,,,,
,,,6S7OllJfRrDvv1hbUoVo,,,,,,fr,Bas-Saint-Laurent,Rimouski-Neigette,Rimouski,,,,Quebec,Canada,2021-12-15,TRUE,,,,,,,,,,,,
,,,hB6eHnVpG6isvvTeR3OY,,,,,,fr,,,Saint-Valérien-De-Rimouski,,,,Quebec,Canada,2021-12-15,,,TRUE,,,,,,,,,,
,,,qP36eSmNEgqfyfzNvtFz,,,,,,fr,Abitibi-Témiscamingue,,Laverlochère-Angliers,,,,Quebec,Canada,2021-12-15,,,,,,,TRUE,,,,,,
,,,HQbXBleMVN8eoo8K0whb,,,,,,fr,Centre-du-Québec,Bécancour,Manseau,,,,Quebec,Canada,2021-12-16,,,TRUE,,,,,,,,,,
,,,E95LTEbjegoJ9lVboDUf,,,,,,fr,Lanaudière,Matawinie,Ste Béatrix,,,,Quebec,Canada,2021-12-18,TRUE,,TRUE,,,,,,,,,,
,,,FafSsEcNgbif7HTFJvtQ,,,,,,fr,Bas-Saint-Laurent,Kamouraska,Sainte-Francoise,,,,Quebec,Canada,2021-12-19,TRUE,,TRUE,,,,,,,,,,
,,,9Mo9Nh8PoGVmBr5FpuHU,,,,,,en,Laurentides,Les Pays-d'en-Haut,Wentworth Nord,,,,Quebec,Canada,2021-12-20,TRUE,,,,,,,,,,,,
,,,0CFpaynbnfYIs7ffFPg5,,,,,,fr,Montréal,LÎle-Bizard - Sainte-Geneviève,L'Île-Bizard,,,,Quebec,Canada,2021-12-22,TRUE,TRUE,TRUE,TRUE,,TRUE,TRUE,,,,,,
,,,jLdbDIx8n3pgbCbtXxhr,,,,,,fr,Chaudière-Appalaches,Beauce-Sartigan,Inverness,,,,Quebec,Canada,2021-12-30,TRUE,,,,,,,,,,,,
,,,QzkICRH9QRyu46CunB3A,,,,,,fr,Montérégie,Beauharnois-Salaberry,Saint-Louis-De-Gonzague,,,,Quebec,Canada,2022-01-11,TRUE,,,TRUE,,,,,,,,,
,,,Twa8hckfedqpkTHtPmAx,,,,,,fr,Bas-Saint-Laurent,La Mitis,Les Hauteurs,,,,Quebec,Canada,2022-01-11,TRUE,,,,,,,,,,,,
,,,fhGuetukrOJ0332MkrE1,,,,,,fr,Estrie,La Haute-Yamaska,Shefford,,,,Quebec,Canada,2022-01-18,TRUE,,,,,,TRUE,,,,,,
,,,iyecptCf2ib79GmaepWK,,,,,,fr,Montréal,Ahuntsic-Cartierville,Montreal,,,,Quebec,Canada,2022-01-18,TRUE,,TRUE,,,,,,,,,,
,,,pnuZvQdo57xLhdwSHviS,,,,,,fr,Saguenay--Lac-Saint-Jean,Lac-Saint-Jean-Est,Hébertville,,,,Quebec,Canada,2022-01-18,TRUE,,,,TRUE,,,,TRUE,,,,
,,,OHjqtHpoR9TY2A4RoEk8,,,,,,fr,Montréal,Ville-Marie,Montreal,,,,Quebec,Canada,2022-01-18,,,TRUE,,,,,,,,,,
,,,P0Iitacxyj2I5elzcMRX,,,,,,fr,Laurentides,Deux-Montagnes,Saint-Joseph-Du-Lac,,,,Quebec,Canada,2022-01-25,TRUE,,TRUE,TRUE,,,,,,,,,
,,,qVcnIF5d9hmSXtVnq6QY,,,,,,fr,Estrie,Memphrémagog,Mansonville,,,,Quebec,Canada,2022-01-25,TRUE,,,,,,,,,,,,
,,,2l4an0vMlGeHwKK60f7C,,,,,,en,Montréal,Ahuntsic-Cartierville,Montreal,,,,Quebec,Canada,2022-01-26,,,TRUE,,,,,,,,,,
,,,rW2Bnw8jqORe6GWuESpm,,,,,,fr,Chaudière-Appalaches,Bellechasse,Saint-Michel-De-Bellechasse,,,,Quebec,Canada,2022-01-27,TRUE,,TRUE,,,,TRUE,,,,,,
,,,Z1uw0PpY5rNS7d6LzG4j,,,,,,fr,Abitibi-Témiscamingue,,Macamic,,,,Quebec,Canada,2022-01-27,TRUE,,,,,TRUE,,,,,,,
,,,IOk7koUHro0F8HksblGe,,,,,,fr,Mauricie,Mékinac,Notre-Dame-De-Montauban,,,,Quebec,Canada,2022-01-29,,,TRUE,TRUE,,,,,,,,,
,,,AFnfP4XFj6d1T3CbtGOR,,,,,,fr,Centre-du-Québec,Bécancour,Saint-Sylvère,,,,Quebec,Canada,2022-01-31,TRUE,,,,,,,,,,,,
,,,dN1VUWLmAATsJmkJc4N9,,,,,,fr,Lanaudière,Matawinie,Chertsey,,,,Quebec,Canada,2022-01-31,TRUE,,TRUE,,,,,,,,,,
,,,B9MBqypWZz2zPdRwJRkw,,,,,,fr,Montréal,Le Sud-Ouest,Montréal,,,,Quebec,Canada,2022-02-03,,,TRUE,,,,,,,,,,
,,,Nd7f0b8IkstvitkswCoz,,,,,,fr,Montréal,Ahuntsic-Cartierville,Montreal,,,,Quebec,Canada,2022-02-03,,,TRUE,,,,,,,,,,
,,,mW5AyrgArrdeOcuPQRGo,,,,,,fr,Montréal,Villeray - Saint-Michel - Parc-Extension,Montréal,,,,Quebec,Canada,2022-02-06,,,,,,,TRUE,,,,,,
,,,Hnlu7ICPkOwy0dptt5qd,,,,,,fr,Chaudière-Appalaches,Lotbinière,Lotbinière,,,,Quebec,Canada,2022-02-07,TRUE,,,,,,,,,,,,
,,,VqWsT38Nuoaf8zRh58ig,,,,,,fr,Laval,Laval,Laval,,,,Quebec,Canada,2022-02-10,TRUE,,,,,,,,,,,,
,,,jUXLWmziAT1G4vhNVDff,,,,,,fr,Centre-du-Québec,L'Érable,Saint-Ferdinand,,,,Quebec,Canada,2022-02-14,TRUE,,,,,,,,,,,,
,,,iljyBOxiFrv3Q6egvLMZ,,,,,,fr,Centre-du-Québec,Bécancour,Bécancour,,,,Quebec,Canada,2022-02-14,,TRUE,,,,,,,,,,,
,,,Bl2zyrsHt2vJhmJ9F13Q,,,,,,fr,Outaouais,Papineau,Papineauville,,,,Quebec,Canada,2022-02-14,,TRUE,,,,,,TRUE,,,,,
,,,5ZoUKmCPttVLzYwNHsb9,,,,,,fr,Laval,Laval,Laval,,,,Quebec,Canada,2022-02-15,TRUE,,,,,,,,,,,,
,,,kGhyritMmkMQM5Ou7Hlk,,,,,,fr,Capitale-Nationale,Québec,Québec,,,,Quebec,Canada,2022-02-15,,,TRUE,,,,,,,,,,
,,,trFxzcYMLiX8BVHBgJCL,,,,,,fr,Capitale-Nationale,Québec,Québec,,,,Quebec,Canada,2022-02-15,,,TRUE,,,,,,,,,,
,,,Q5cJ1tGscdpguJ993vh2,,,,,,fr,Capitale-Nationale,Québec,Québec,,,,Quebec,Canada,2022-02-16,TRUE,,,,,,,,,,,,
,,,HZwMwYwAGUYAbQkjaauH,,,,,,fr,Capitale-Nationale,L'Île-d'Orléans,St-Laurent-Ile-D'Orléans,,,,Quebec,Canada,2022-02-19,TRUE,,,TRUE,,,,,,,,,
,,,ktPSGOkxqX52jRA1PFl8,,,,,,fr,Estrie,Memphrémagog,Sainte Catherine De Hatley,,,,Quebec,Canada,2022-02-21,TRUE,,,,,,,,,,,,
,,,ByanHKxwgTcWiU8N4yTO,,,,,,fr,Estrie,Le Haut-Saint-François,Bury,,,,Quebec,Canada,2022-02-23,TRUE,,,,,TRUE,,,,,,,
,,,oZABIEFBveLgVCLEVyle,,,,,,fr,Montérégie,Le Haut-Richelieu,SAINT-JEAN-SUR-RICHELIEU,,,,Quebec,Canada,2022-03-02,,TRUE,,,,,,,,,,,
,,,4pNl3tLi1QpYSlkxfn0f,,,,,,fr,Abitibi-Témiscamingue,,St-Félix-De-Dalquier,,,,Quebec,Canada,2022-03-04,,,,,,TRUE,,,,,,,
,,,YJBUSKLOPxgIGtVscDOr,,,,,,fr,Abitibi-Témiscamingue,,Clerval,,,,Quebec,Canada,2022-03-08,,TRUE,,,,,,,,,,,
,,,dfFHG7uNqsXy9S27B6iC,,,,,,fr,Capitale-Nationale,Portneuf,Neuville,,,,Quebec,Canada,2022-03-11,,,,,,TRUE,,,,,,,
,,,E27thIGe78DJFCi6tSMV,,,,,,fr,Estrie,Brome-Missisquoi,Frelighsburg,,,,Quebec,Canada,2022-03-21,TRUE,,TRUE,,,,,,,,,,
,,,OosAh6jwi62Cd5fvEZ8V,,,,,,fr,Montréal,Pierrefonds - Roxboro,Pierrefonds,,,,Quebec,Canada,2022-03-25,TRUE,,,,,,,,,,,,
,,,iE0bEvM7Y4rOZYV4nGoN,,,,,,fr,Montréal,Le Plateau-Mont-Royal,Montreal,,,,Quebec,Canada,2022-04-07,TRUE,,TRUE,,TRUE,,,,,,,TRUE,
,,,aJAfJesqARzHn2IXSSJo,,,,,,fr,Saguenay--Lac-Saint-Jean,Saguenay,Jonquière,,,,Quebec,Canada,2022-04-09,TRUE,,TRUE,,,,,,,,,,
,,,yeqQrT4YDQhVlQ6T4mJ7,,,,,,fr,Montérégie,Rouville,Saint-Mathias-Sur-Richelieu,,,,Quebec,Canada,2022-04-18,TRUE,,,,,,,,,,,,
,,,LMtRhnu34JtxYBiilPj6,,,,,,fr,Montréal,Rosemont - La Petite-Patrie,Montreal,,,,Quebec,Canada,2022-04-19,,TRUE,,,,,,,,,,,
,,,coseeLXlJUgJNgXZI7fp,,,,,,fr,Chaudière-Appalaches,La Nouvelle-Beauce,Sainte Marguerite,,,,Quebec,Canada,2022-04-22,,,,TRUE,,,,,,,TRUE,,
,,,DkJaJvqoZxE9ClvtjDck,,,,,,fr,Saguenay--Lac-Saint-Jean,,Dolbeau-Mistassini,,,,Quebec,Canada,2022-04-24,,,,,,,TRUE,,,,,,
,,,ffxd3Yfbpws4c8OlOLT2,,,,,,fr,Montérégie,Les Maskoutains,Saint-Hyacinthe,,,,Quebec,Canada,2022-05-06,,,,,,,,,,TRUE,,,
,,,NOszYEZP8s6bIHjQO4US,,,,,,fr,Montérégie,Vaudreuil-Soulanges,Très-St-Rédempteur,,,,Quebec,Canada,2022-05-09,TRUE,,,,,,,,,,,,
,,,KQHvMD1fQ7jPyrC5nWsK,,,,,,fr,Montérégie,Le Haut-Richelieu,Mont-Saint-Grégoire,,,,Quebec,Canada,2022-05-10,TRUE,,TRUE,,,,,,,,,,
,,,vNeHhHPEw7aOATNm2uyG,,,,,,fr,Laurentides,,Ferme-Neuve,,,,Quebec,Canada,2022-05-11,,,,TRUE,,,,,,,,,TRUE
,,,e1E74gXscJ76FcPPAoO4,,,,,,fr,Capitale-Nationale,L'Île-d'Orléans,St-Pierre-De-L'Ile-D'Orléans,,,,Quebec,Canada,2022-05-11,,,TRUE,,,,,,,,,,
,,,525qvyy4lDn1kInuTpt1,,,,,,fr,Montréal,Le Plateau-Mont-Royal,Montreal,,,,Quebec,Canada,2022-05-12,,,TRUE,,,,TRUE,,,TRUE,,,
,,,l4SXOihugeK26Q4vC5zI,,,,,,fr,Estrie,Le Val-Saint-François,Sainte-Anne-De-La-Rochelle,,,,Quebec,Canada,2022-05-12,,,,TRUE,,,,,,,,,
,,,n1bf2KHsxRkKdgoGwQnt,,,,,,fr,Montréal,Mercier - Hochelaga-Maisonneuve,Montréal,,,,Quebec,Canada,2022-05-13,,,TRUE,,,,,,,,,,
,,,0hynz0eY4CTl4uITxCXJ,,,,,,fr,Outaouais,Papineau,Namur,,,,Quebec,Canada,2022-05-17,TRUE,,,,,,,,,,,,
,,,dU76xeVB87yb8H81OaqW,,,,,,fr,Laval,Laval,Laval,,,,Quebec,Canada,2022-05-17,,,TRUE,,,,,,,,,,
,,,6v3Bgmzh2p1d5fGdwfQ7,,,,,,fr,Montérégie,Le Haut-Saint-Laurent,Hemmingford,,,,Quebec,Canada,2022-05-19,TRUE,,,,,,,,,,,,
,,,hSZkUPW7WdCXQff4qgD3,,,,,,fr,Outaouais,Papineau,Papineauville,,,,Quebec,Canada,2022-05-25,TRUE,,,,,,,,,,,,
,,,3hfAjcrU7GLT2lWyZivX,,,,,,fr,Montréal,Rosemont - La Petite-Patrie,Montréal,,,,Quebec,Canada,2022-05-25,,,TRUE,,,,,,,,,,
,,,wBAMRyJ4wlayOiWfryxq,,,,,,fr,Montérégie,Rouville,Ange-Gardien,,,,Quebec,Canada,2022-05-25,,TRUE,,,TRUE,,,,,,,,
,,,WcFItrYB1u7l8TbljPxx,,,,,,fr,Montréal,Ville-Marie,Montréal,,,,Quebec,Canada,2022-05-27,TRUE,,,,,,,,,,,,
,,,1mqPLhOO9J6P5u2tpuVD,,,,,,fr,Montréal,Saint-Laurent,Saint-Laurent,,,,Quebec,Canada,2022-06-01,TRUE,,,TRUE,,,,,,,,,
,,,xHNGEdVv3nutix3zLfYu,,,,,,fr,Estrie,Brome-Missisquoi,Lac-Brome,,,,Quebec,Canada,2022-06-02,,TRUE,,,,,,,,,,,
,,,whaGuLi8ZnSg90o1cTCE,,,,,,en,Montréal,Dorval,Dorval,,,,Quebec,Canada,2022-06-06,,,,,,,,,,TRUE,,,
,,,0YHFCN5msbiIXeVqTtKv,,,,,,fr,Montérégie,Marguerite-D'Youville,Contrecoeur,,,,Quebec,Canada,2022-06-07,TRUE,,TRUE,,,,,,,,,,
,,,tB5H67Ndj0uEgdMeBwQh,,,,,,fr,Montérégie,Vaudreuil-Soulanges,Rigaud,,,,Quebec,Canada,2022-06-09,TRUE,,,,,,,,,,,,
,,,IzT7KfW00MKkyG0nJLOR,,,,,,fr,,,Carters Point,,,,Nouveau-Brunswick,Canada,2022-06-12,,,,,,,,TRUE,,,,,
,,,wXN2nIRo03zkEx5fRJ3J,,,,,,fr,Montréal,Rosemont - La Petite-Patrie,Montreal,,,,Quebec,Canada,2022-06-13,,,TRUE,,,,,,,,,,
,,,BeBdQTMFZrDOTLHj43Li,,,,,,fr,Montréal,Saint-Laurent,Saint-Laurent,,,,Quebec,Canada,2022-06-14,TRUE,,TRUE,,,,,,,,,,
,,,deUoweR5BRfx6vkhggRu,,,,,,fr,Laurentides,,Lac-Saint_Paul,,,,Quebec,Canada,2022-06-15,TRUE,,TRUE,,,,TRUE,,,,,,
,,,Adz0QoIAijnfzxmxJXql,,,,,,fr,Montérégie,Longueuil,Brossard,,,,Quebec,Canada,2022-06-23,TRUE,,,,,,,,,,,,
,,,gHjTgnz5Vgc4ilWNbch3,,,,,,fr,Estrie,Brome-Missisquoi,Frelighsburg,,,,Quebec,Canada,2022-06-25,TRUE,,,,,,,,,,,,
,,,JrlKOXe62DxlGl5J6c7C,,,,,,fr,Laurentides,Deux-Montagnes,Saint Joseph Du Lac,,,,Quebec,Canada,2022-06-27,TRUE,,TRUE,TRUE,,,,,,TRUE,,,
,,,Fhk8Ku0OcLld9HXavK6L,,,,,,fr,Chaudière-Appalaches,Lotbinière,Sainte-Agathe-De-Lotbinière,,,,Quebec,Canada,2022-06-28,TRUE,,,TRUE,,,,,,,TRUE,TRUE,
,,,hLT161m7Q1tRwoevskcE,,,,,,fr,Montréal,Verdun,Verdun,,,,Quebec,Canada,2022-06-28,TRUE,,,,,,,,,,,,
,,,IUB32JRWujUUuinQsyR5,,,,,,fr,Estrie,Memphrémagog,Eastman,,,,Quebec,Canada,2022-07-03,,,TRUE,,,,,,,,,,
,,,ULhrsYrz52RV1a7gYkMR,,,,,,fr,Montérégie,Le Haut-Saint-Laurent,Godmanchester,,,,Quebec,Canada,2022-07-05,TRUE,,,,,,,,,,,,
,,,jd3Sxstxgp3YqCVRHS4u,,,,,,fr,Montérégie,La Vallée-du-Richelieu,Otterburn Park,,,,Quebec,Canada,2022-07-07,TRUE,,TRUE,,,,,,,,,,
,,,DRyq6xEpQBYpRE4eEqZJ,,,,,,fr,Lanaudière,Matawinie,Saint-Félix-Dr-Valois,,,,Quebec,Canada,2022-07-10,TRUE,,,,,,,,,,,,
,,,DvHYIEEL7pu2GOovRcXd,,,,,,fr,,,St-Eugène,,,,Ontario,Canada,2022-07-15,TRUE,,,,,,,,,,,,
,,,3NvfxMaN59JPtStyF4PK,,,,,,fr,Centre-du-Québec,Arthabaska,Victoriaville,,,,Quebec,Canada,2022-07-15,,,TRUE,,,TRUE,,,,,,,
,,,3aS8bcTMeBbobkoVVJfj,,,,,,fr,Montréal,Ahuntsic-Cartierville,Montréal,,,,Quebec,Canada,2022-07-19,,,TRUE,,,TRUE,,,,,,,
,,,XZJrOBPWBoRqU97OgQ3b,,,,,,fr,Montréal,Le Plateau-Mont-Royal,Montréal,,,,Quebec,Canada,2022-07-20,,,TRUE,,,,,,,,,,
,,,BN4RqMWmv3Ltm98VWcKX,,,,,,fr,Capitale-Nationale,Portneuf,Saint-Alban,,,,Quebec,Canada,2022-07-27,TRUE,,,,,,,,,,,,
,,,JKcgrW6DwUwnnQ8zlOcy,,,,,,fr,Saguenay--Lac-Saint-Jean,Saguenay,Chicoutimi,,,,Quebec,Canada,2022-07-27,,TRUE,,,,,,,,,,,
,,,181FjBzncMsG3QJpAUzK,,,,,,fr,Estrie,La Haute-Yamaska,Waterloo,,,,Quebec,Canada,2022-07-29,,,,,,TRUE,,,,,,,
,,,YRed9IWRn4LkKrNb80St,,,,,,fr,Laval,Laval,Laval,,,,Quebec,Canada,2022-08-11,TRUE,,,,,,,,,,,,
,,,FsdsuGPAJje42zBSY7VZ,,,,,,fr,Bas-Saint-Laurent,La Mitis,Sainte-Luce,,,,Quebec,Canada,2022-08-12,,TRUE,TRUE,,,,,,,,,,
,,,uv0g9DnPJRjkwNIPlAUP,,,,,,fr,Montérégie,Acton,St Nazaire D Acton,,,,Quebec,Canada,2022-08-22,,TRUE,,,TRUE,,,,,,,,
,,,pbHpBXBswDXeV5gPqQTx,,,,,,fr,Laval,Laval,Laval,,,,Quebec,Canada,2022-08-24,TRUE,,,,,,,,,,,,
,,,TwBnIHi02IHDKw4oqbjE,,,,,,fr,Estrie,Brome-Missisquoi,Frelighsburg,,,,Quebec,Canada,2022-08-29,TRUE,,,,,,,,,,,,
,,,pAFKd8PoQaMHN9DPWkPO,,,,,,fr,Estrie,Brome-Missisquoi,Frelighsburg,,,,Quebec,Canada,2022-09-12,,TRUE,,,,,,,,,,,
,,,taebrvz2r2fT4y7M8lo3,,,,,,fr,Capitale-Nationale,La Côte-de-Beaupré,L'Ange-Gardien,,,,Quebec,Canada,2022-09-15,TRUE,,,,,,,,,,,,
,,,r64Ybe6FNksn59qauuTR,,,,,,fr,Saguenay--Lac-Saint-Jean,Saguenay,Chicoutimi,,,,Quebec,Canada,2022-09-26,TRUE,,,,,,,,,,,,TRUE
,,,LrjWIWNZR4WBS39LNW41,,,,,,fr,Saguenay--Lac-Saint-Jean,Lac-Saint-Jean-Est,St-Bruno,,,,Quebec,Canada,2022-09-28,TRUE,,,,,,,,,,,,
,,,HmJJX9SvoEBQwtRKBt7s,,,,,,fr,Laval,Laval,Laval,,,,Quebec,Canada,2022-10-04,TRUE,,,,,,,,,,,,
,,,6KLZaCtoLgip4ZvbQOYx,,,,,,fr,Mauricie,Maskinongé,Saint-Étienne-Des-Grès,,,,Quebec,Canada,2022-10-04,,TRUE,TRUE,,TRUE,TRUE,,,,,,,
,,,AAgyfPlf8XhyjLn14sI0,,,,,,fr,Saguenay--Lac-Saint-Jean,,Saint-André-Du-Lac-Saint-Jean,,,,Quebec,Canada,2022-10-11,TRUE,TRUE,,,,,,,,,,,
,,,fEwc1t9vBcRicTpCt2Ta,,,,,,fr,Saguenay--Lac-Saint-Jean,Lac-Saint-Jean-Est,Alma,,,,Quebec,Canada,2022-10-12,,,TRUE,,,,,,,TRUE,,,
,,,R44pO5xtDdjLPPHCJVis,,,,,,fr,Montérégie,Le Haut-Saint-Laurent,Saint Chrysostome,,,,Quebec,Canada,2022-10-18,TRUE,,,,,,,,,,,,
,,,4wYzrq4VG8xGAilPOkpv,,,,,,fr,Montérégie,La Vallée-du-Richelieu,Mont-Saint-Hilaire,,,,Quebec,Canada,2022-10-22,TRUE,,,,,,,,,,,,
,,,CDfPyLC5qvmzt9Qq0sXO,,,,,,fr,Estrie,Le Val-Saint-François,Stoke,,,,Quebec,Canada,2022-10-28,TRUE,,,,,,,,,,,,
,,,5gFxiP4yGXKyZQIL4qYn,,,,,,fr,Saguenay--Lac-Saint-Jean,Lac-Saint-Jean-Est,Alma,,,,Quebec,Canada,2022-10-31,TRUE,,,,,,,,,,,,
,,,zNnS0Ln9XcADzSEeePr4,,,,,,fr,Estrie,Memphrémagog,Hatley,,,,Quebec,Canada,2022-10-31,TRUE,,,,,,,,,,,,
,,,cxRkCitlfGZG54vbUb0q,,,,,,fr,Laurentides,Les Laurentides,Ste-Agathe-Des-Monts,,,,Quebec,Canada,2022-10-31,,,TRUE,,,,,,,,,,
,,,5f5RFyrqh8SgOrTT8ONi,,,,,,fr,Capitale-Nationale,L'Île-d'Orléans,Saint Laurent Ile D'Orléans,,,,Quebec,Canada,2022-11-09,TRUE,,,,,,,,,,,,
,,,YjmRNR1qaSn3vn9qonAI,,,,,,fr,Saguenay--Lac-Saint-Jean,Lac-Saint-Jean-Est,Alma,,,,Quebec,Canada,2022-11-09,,TRUE,TRUE,,,,,,,,,,
,,,3B1R2WeOcCppFXmaVUle,,,,,,fr,Estrie,Les Sources,Saint-Adrien,,,,Quebec,Canada,2022-11-11,TRUE,,,,,,,,,,,,
,,,fHgzftvVSLF92djUEcqn,,,,,,fr,Montréal,Rosemont - La Petite-Patrie,Montréal,,,,Quebec,Canada,2022-11-11,,,TRUE,,,,,,,,,,
,,,TbWCZX4XuvoshcRo06QV,,,,,,fr,,,St-Isidore,,,,Ontario,Canada,2022-11-16,,,,,,TRUE,,,,,,,
,,,ZofcxtsywoqGibipEJsb,,,,,,fr,Laurentides,Argenteuil,St-André-D'Argenteuil,,,,Quebec,Canada,2022-11-17,TRUE,,,,,,,,,,,,
,,,l8c9FHjP8Jh4mJnH0uQk,,,,,,fr,Lanaudière,Montcalm,St-Alexis,,,,Quebec,Canada,2022-11-17,TRUE,,,,,,,,,,,,
,,,snlqnSLLaVp5R9NrYgMg,,,,,,fr,Montérégie,Le Haut-Richelieu,Saint-Valentin,,,,Quebec,Canada,2022-11-21,TRUE,,,,,,,,,,,,
,,,PsjippljzlCvUfPIGh37,,,,,,fr,Montérégie,Le Haut-Richelieu,Noyan,,,,Quebec,Canada,2022-11-21,TRUE,,,,,,,,,,,,
,,,At2COoRM2VhB0R1T1jpc,,,,,,fr,Capitale-Nationale,La Jacques-Cartier,Stoneham,,,,Quebec,Canada,2022-11-23,TRUE,,,,,,,,,,,,
,,,Tbsw6DIQTPWRDLXoQK2E,,,,,,fr,Montérégie,Les Maskoutains,Saint-Hyacinthe,,,,Quebec,Canada,2022-11-25,TRUE,,,,,,,,,,,,
,,,NTC4IW9axqceI6Prbkee,,,,,,fr,Lanaudière,D'Autray,Lavaltrie,,,,Quebec,Canada,2022-11-25,TRUE,,,,,,,,,,,,
,,,JUen5XOS1HHTuQkNwcS9,,,,,,fr,Montérégie,Les Maskoutains,Saint-Jean-Baptiste,,,,Quebec,Canada,2022-11-25,,,,,,,,,,TRUE,,,
,,,Ob5wTIQflQL7iHZ64TKE,,,,,,fr,Centre-du-Québec,Drummond,St-Eugène-De-Grantham,,,,Quebec,Canada,2022-11-25,,,TRUE,,,,,,,,,,
,,,2v5ZPR0twaH2LVXMRfgo,,,,,,fr,Centre-du-Québec,Arthabaska,Sainte-Hélène-De-Chester,,,,Quebec,Canada,2022-11-28,TRUE,,TRUE,,,,TRUE,,,,,,
,,,0GxgGTalZZ0PJhl46e3o,,,,,,fr,Centre-du-Québec,Arthabaska,Victoriaville,,,,Quebec,Canada,2022-11-29,,,TRUE,,,,,,,,,,
,,,DNuacJj1bUkBnMVSWT3e,,,,,,fr,Chaudière-Appalaches,La Nouvelle-Beauce,St-Lambert-De-Lauzon,,,,Quebec,Canada,2022-11-30,TRUE,TRUE,TRUE,,,,,,,,,,
,,,LVAzz7rjySQ49BzWTw21,,,,,,fr,Estrie,Le Haut-Saint-François,Bury,,,,Quebec,Canada,2022-11-30,,TRUE,,,,,,,,,,,
,,,MAcq8r0evNSY8yefxlSc,,,,,,fr,Chaudière-Appalaches,Les Appalaches,Thetford Mines,,,,Quebec,Canada,2022-11-30,,,,,,TRUE,,,,,,,
,,,4hgd0jkbegJBnzwZPBJd,,,,,,fr,Estrie,Brome-Missisquoi,Saint-Ignace-De-Stanbridge,,,,Quebec,Canada,2022-12-01,,,,TRUE,,,,,,,,,
,,,x2ldmSmsrT8JGg8iFyNf,,,,,,fr,Saguenay--Lac-Saint-Jean,Saguenay,Chicoutimi,,,,Quebec,Canada,2022-12-06,TRUE,,TRUE,,TRUE,,,,,,,,
,,,Y8RYBM90AXcWUusf0RuO,,,,,,fr,Montérégie,Vaudreuil-Soulanges,Rigaud,,,,Quebec,Canada,2022-12-06,TRUE,,,,,,,,,,,,
,,,hdZFhgGLyBFJjh3xJaGr,,,,,,fr,Laval,Laval,Laval,,,,Quebec,Canada,2022-12-12,TRUE,,,,,,,,,,,,
,,,N2mEopamUmakdKh4aSBv,,,,,,fr,Montérégie,Beauharnois-Salaberry,Sainte-Martine,,,,Quebec,Canada,2022-12-15,TRUE,,,,,,,,,,,,
,,,O6RfmTDllZVrQj6xo7VF,,,,,,fr,Capitale-Nationale,L'Île-d'Orléans,Sainte-Famille,,,,Quebec,Canada,2022-12-17,TRUE,,TRUE,,,,,,,,,,
,,,mNf16TzZLfAzP8LjDqPf,,,,,,fr,Laurentides,Thérèse-De Blainville,Sainte-Anne-Des-Plaines,,,,Quebec,Canada,2022-12-22,TRUE,,,,,,,,,,,,
,,,gReWBWhMMO6J5We4Y1D7,,,,,,fr,Côte-Nord,,Blanc Sablon,,,,Quebec,Canada,2023-01-11,,,,,,,,TRUE,,,,,
,,,ivChHNuVne4n5Gv9rhIJ,,,,,,fr,Estrie,Brome-Missisquoi,West-Brome,,,,Quebec,Canada,2023-01-12,TRUE,,,,,,,,,TRUE,,,
,,,kkFSNSBa1Y5WMridRPhK,,,,,,fr,Montérégie,Les Jardins-de-Napierville,Hemmingford,,,,Quebec,Canada,2023-01-12,TRUE,,TRUE,,,,,,,,,,
,,,SioUpcfKnjDIylt8LA9D,,,,,,fr,Chaudière-Appalaches,Les Appalaches,Thetford Mines,,,,Quebec,Canada,2023-01-12,TRUE,TRUE,,,,,,,,,,,
,,,orvt12NrMMIVXiwkN9F1,,,,,,fr,Capitale-Nationale,Charlevoix-Est,Clermont,,,,Quebec,Canada,2023-01-12,,,TRUE,,,,,,TRUE,,,,
,,,SZuJo9Q33dVQVcbNjSlT,,,,,,fr,Gaspésie--Îles-de-la-Madeleine,Avignon,Carleton,,,,Quebec,Canada,2023-01-13,TRUE,,,,,,,,,,,,
,,,eqOTccd1vWyMasnDDL4s,,,,,,fr,Chaudière-Appalaches,Lotbinière,Ste-Croix,,,,Quebec,Canada,2023-01-13,,,,,TRUE,,,,,,,,
,,,NMOwl1QsGanKgsTuZrwX,,,,,,fr,Lanaudière,D'Autray,Saint-Didace,,,,Quebec,Canada,2023-01-13,,,,TRUE,,,,,,,,,TRUE
,,,xsXeDFkv3D52VafSbQtC,,,,,,fr,Estrie,Brome-Missisquoi,Farnham,,,,Quebec,Canada,2023-01-16,TRUE,,,,,,,,,,,,
,,,HoP33bxHmMMRu0nUKC7W,,,,,,fr,Laurentides,Mirabel,Mirabel,,,,Quebec,Canada,2023-01-16,TRUE,,,,,,,,,,,,
,,,n38xCwR5kJ7KTtMjEqif,,,,,,fr,Montérégie,Le Haut-Saint-Laurent,St-Chrysostome,,,,Quebec,Canada,2023-01-18,,TRUE,,,,,,,,,,,
,,,TevQ2oMSH9GGRPTGUdvx,,,,,,fr,Montréal,Rosemont - La Petite-Patrie,Montréal,,,,Quebec,Canada,2023-01-23,,,TRUE,,,,,,,,,,
,,,e3qI2fsday6GgnBeGz4n,,,,,,fr,Centre-du-Québec,Drummond,Wickham,,,,Quebec,Canada,2023-01-24,TRUE,,,,,,,,,,,,
,,,XNUfVSFW160OogSeDQio,,,,,,fr,Chaudière-Appalaches,Les Appalaches,East-Broughton,,,,Quebec,Canada,2023-01-24,,TRUE,TRUE,,,,,,,,,,
,,,7TGuDarJoUFbk07zaHP2,,,,,,fr,Mauricie,D'Autray,St-Didace,,,,Quebec,Canada,2023-02-02,TRUE,,,,,,TRUE,,,,,,
,,,GUfBesa5BgtqJavIOmiD,,,,,,fr,Montérégie,Les Maskoutains,Saint-Hyacinthe,,,,Quebec,Canada,2023-02-09,TRUE,,,,,,,,,,,,
,,,wC919D0d3ro35oDmWWUI,,,,,,fr,Outaouais,,Maniwaki,,,,Quebec,Canada,2023-02-09,,,,,,,,,TRUE,,,,
,,,icjDW2XemUKwfKEPXmRN,,,,,,fr,Laurentides,Deux-Montagnes,Saint-Joseph-Du-Lac,,,,Quebec,Canada,2023-02-13,,,TRUE,,,,,,,,,,
,,,CZv9QujvHrb9r9JGAX8D,,,,,,fr,Montréal,Rosemont - La Petite-Patrie,Montreal,,,,Quebec,Canada,2023-02-21,,,TRUE,,,,,,,,,,
,,,llKvS1OUrDqcXVl8jzJ9,,,,,,fr,Montérégie,Le Haut-Richelieu,Saint-Jean-Sur-Richelieu,,,,Quebec,Canada,2023-02-23,,TRUE,,,,,,,,,,,
,,,NTnm2EmZkfWGOYWGcy6y,,,,,,fr,Montérégie,Le Haut-Richelieu,Mont Saint Grégoire,,,,Quebec,Canada,2023-03-03,,,TRUE,,,,,,,,TRUE,,
,,,P4lMMC5h1MNFDSeLXy32,,,,,,fr,Estrie,Le Val-Saint-François,Val-Joli,,,,Quebec,Canada,2023-03-07,TRUE,,,,,,,,,,,,
,,,XgZpH2zmSoZzzHZjIQLv,,,,,,fr,Montérégie,Le Haut-Richelieu,Saint-Alexandre-D'Iberville,,,,Quebec,Canada,2023-03-08,TRUE,,,,,,,,,,,,
,,,KYKpWWBGf2n0c8NcmES3,,,,,,fr,Montérégie,Pierre-De Saurel,Sainte-Victoire De Sorel,,,,Quebec,Canada,2023-03-15,TRUE,,TRUE,,,,,,,,,,
,,,vdjC6jznMKlskMczUSUS,,,,,,fr,Montérégie,Les Jardins-de-Napierville,Sainte-Clotilde-De-Châteauguay,,,,Quebec,Canada,2023-03-20,TRUE,,,,,,,,,,,,
,,,bpoJsu8mGs8pwSd9f3Iy,,,,,,fr,Centre-du-Québec,Nicolet-Yamaska,Grand-Saint-Esprit,,,,Quebec,Canada,2023-03-28,TRUE,,,,,,,,,,,,
,,,bpoJsu8mGs8pwSd9f3Iy,,,,,,fr,Centre-du-Québec,Nicolet-Yamaska,Grand-Saint-Esprit,,,,Quebec,Canada,2023-03-28,TRUE,,,,,,,,,,,,
,,,bXzh8Yl93gkMxxXrfy72,,,,,,fr,Montréal,Ville-Marie,Montréal,,,,Quebec,Canada,2023-03-29,,,TRUE,TRUE,TRUE,,,,,,,,
,,,0wMU7g8N1kEAk2LjBaOg,,,,,,fr,Montérégie,La Vallée-du-Richelieu,Saint-Antoine-Sur-Richelieu,,,,Quebec,Canada,2023-03-31,TRUE,,,,,,,,,,,,
,,,5W7zAAPCPYFuUYnENVke,,,,,,en,Montérégie,Longueuil,Longueuil,,,,Quebec,Canada,2023-04-02,TRUE,,TRUE,,,,TRUE,,TRUE,,,,
,,,Lr66hTdAzQ032LTXLbTj,,,,,,fr,Gaspésie--Îles-de-la-Madeleine,,Bassin,,,,Quebec,Canada,2023-04-11,TRUE,,TRUE,,,,,,,,,,TRUE
,,,5xUZJwvC0kL1uCvPoinc,,,,,,fr,Laurentides,Argenteuil,Brownsburg-Chattam,,,,Quebec,Canada,2023-05-03,TRUE,,,,,,,,,,,,
,,,gRkfHbrW4lXZwOVSMEKg,,,,,,fr,Centre-du-Québec,Bécancour,Deschaillons-Sur-Le-Saint-Laurent,,,,Quebec,Canada,2023-05-03,TRUE,,,,,,,,,,,,
,,,I55GBvGfGgldA3uJdMEf,,,,,,fr,Montérégie,Les Jardins-de-Napierville,Saint-Bernard-De-Lacolle,,,,Quebec,Canada,2023-05-04,TRUE,,,,,,,,,,,,
,,,1hWmrECz9dy5z3v7qus1,,,,,,fr,Estrie,Coaticook,Coaticook,,,,Quebec,Canada,2023-05-09,,TRUE,,,,,,,,,,,
,,,v6CIG2uo4C0fyTOFAHsY,,,,,,fr,Montérégie,Acton,Roxton Falls,,,,Quebec,Canada,2023-05-24,,TRUE,TRUE,,,,,,,,,,
,,,HFG7Xd4AF6X4hjclto0K,,,,,,fr,Montérégie,Les Maskoutains,Saint-Louis,,,,Quebec,Canada,2023-05-28,TRUE,,,,,,,,,,,,
,,,m27XSSEoa1hEfAHQ65Ab,,,,,,fr,Saguenay--Lac-Saint-Jean,,Normandin,,,,Quebec,Canada,2023-06-01,TRUE,,,,,,,,,,,,
,,,EdMFd8C4VuiQVRH7YPvk,,,,,,fr,Montérégie,Pierre-De Saurel,Saint-Aimé-de-Richelieu,,,,Quebec,Canada,2023-06-12,TRUE,,,,,,,,,,,,
,,,8kUlNukNtPAppFYperw5,,,,,,fr,Montréal,Ahuntsic-Cartierville,Montréal,,,,Quebec,Canada,2023-06-19,TRUE,,,,,,,,,,,,
,,,VsAcEkGutBG10SNvSO99,,,,,,fr,Mauricie,Trois-Rivières,Trois-Rivières ,,,,Quebec,Canada,2023-06-19,TRUE,TRUE,TRUE,,,,TRUE,,TRUE,TRUE,,,
,,,lPUiqnnBXaxwdlOg2VSU,,,,,,fr,Montérégie,La Vallée-du-Richelieu,St-Jean-Baptiste,,,,Quebec,Canada,2023-06-24,TRUE,,,,,,,,,,,,
,,,VYRYSuGNU6nfBSLEU21P,,,,,,fr,Montérégie,Beauharnois-Salaberry,Sainte-Martine,,,,Quebec,Canada,2023-07-01,TRUE,,,,,,,,,,,,
,,,nDviAbJPC13SLogtqLFy,,,,,,fr,Montérégie,Pierre-De Saurel,Saint-David,,,,Quebec,Canada,2023-07-02,TRUE,,,,,,,,,,,,
,,,iAJndh7yPqlXOHWuFhLU,,,,,,fr,Capitale-Nationale,Charlevoix,Saint-Bernard-Sur-Mer,,,,Quebec,Canada,2023-07-06,TRUE,,TRUE,,,,,,TRUE,TRUE,TRUE,TRUE,
,,,gDJRnjcBToj75kZxT4lv,,,,,,fr,Laval,Laval,Laval,,,,Quebec,Canada,2023-07-07,TRUE,,,,,,,,,,,,
,,,L4Na7Rfoqezful3qqtiW,,,,,,fr,Chaudière-Appalaches,Bellechasse,Saint-Lazare-De-Bellechasse,,,,Quebec,Canada,2023-07-08,TRUE,,,,,,,,,,,,
,,,jm9XUWqZl1ac3fzN01oF,,,,,,fr,Capitale-Nationale,Québec,Quebec,,,,Quebec,Canada,2023-07-12,TRUE,TRUE,TRUE,,,,,,,,,,
,,,qGNCkNq7kYLF9YW9VRpy,,,,,,fr,Mauricie,Trois-Rivières,Trois-Rivières,,,,Quebec,Canada,2023-07-18,TRUE,,,,,,,,,,,,
,,,GsVPs3EVfF018ZHVR9mh,,,,,,fr,Chaudière-Appalaches,Bellechasse,Saint-Damien-De-Buckland,,,,Quebec,Canada,2023-07-18,TRUE,,,,,,,,,,,,
,,,kGXRMEpqzTUYHhjks7Vf,,,,,,fr,Centre-du-Québec,Arthabaska,Saint-Valère,,,,Quebec,Canada,2023-07-20,TRUE,,,,,,,,,,,,
,,,gTB7Jh9k0zY5yCIh2bvK,,,,,,fr,Chaudière-Appalaches,Robert-Cliche,Beauceville,,,,Quebec,Canada,2023-07-21,TRUE,,TRUE,TRUE,,,TRUE,,TRUE,TRUE,,,
,,,D1p7dVRnfLnGH6oYekFm,,,,,,fr,Chaudière-Appalaches,Les Etchemins,Lac Etchemin,,,,Quebec,Canada,2023-07-31,TRUE,,,,,,,,,,,,
,,,1Pj2THeWnCMsWVexi9vF,,,,,,fr,Chaudière-Appalaches,Bellechasse,Saint-Raphaël,,,,Quebec,Canada,2023-08-08,TRUE,,,,,,,,,,,,
,,,tYKUjCBA5wPGL2BxMDHX,,,,,,fr,Montréal,Mercier - Hochelaga-Maisonneuve,Montréal,,,,Quebec,Canada,2023-08-16,TRUE,,,,,,,,,,,,
,,,XSzO2zGlFX1Ft3r1rg6l,,,,,,fr,Capitale-Nationale,Québec,Québec,,,,Quebec,Canada,2023-08-19,TRUE,,,,,,,,,,,,
,,,2fP2A9o93GDbBaaQK3XY,,,,,,fr,Chaudière-Appalaches,Les Appalaches,Adstock,,,,Quebec,Canada,2023-08-19,TRUE,,TRUE,,,,,,,,,,
,,,V7o6xLOXoj6S8Bky51Nv,,,,,,fr,Montérégie,Le Haut-Richelieu,Mont-St-Grégoire,,,,Quebec,Canada,2023-08-22,TRUE,,,,,,,,,,,,
,,,fMIm8IsZUcryxOXQ84vZ,,,,,,fr,Estrie,Brome-Missisquoi,Frelighsburg,,,,Quebec,Canada,2023-08-24,TRUE,,,,,,,,,,,,
,,,OASMn9iKgZ0Bhb9kUhAW,,,,,,fr,Capitale-Nationale,La Jacques-Cartier,Sainte-Brigitte De Laval,,,,Quebec,Canada,2023-08-26,TRUE,,,,,,,,,,,,
,,,QkuUK0vZqoU6Bk18R7U6,,,,,,fr,Chaudière-Appalaches,Bellechasse,Saint Michel De Bellechasse ,,,,Quebec,Canada,2023-08-30,TRUE,,,,,,,,,,,,
,,,hEmEp0t3CsahMhK1o5ca,,,,,,fr,Chaudière-Appalaches,La Nouvelle-Beauce,Ste-Marie,,,,Quebec,Canada,2023-08-30,TRUE,,,,,,,,,,,,
,,,SsoslfvxEOpAwwDqucGn,,,,,,fr,Chaudière-Appalaches,Bellechasse,Saint-Nérée,,,,Quebec,Canada,2023-09-06,TRUE,,,,,,,,,,,,
,,,eaZ81QmqpT2PsqW7tCjS,,,,,,fr,Montérégie,Roussillon,Mercier,,,,Quebec,Canada,2023-09-07,TRUE,,,,,,,,,,,,
,,,UGZvSeT71juBI1qoGpjn,,,,,,fr,Chaudière-Appalaches,Bellechasse,Saint-Charles De Bellechasse,,,,Quebec,Canada,2023-09-13,TRUE,,TRUE,TRUE,,,,,,,,,
,,,uOrIxPM6DkUuPKsHyxgS,,,,,,fr,Montérégie,Les Jardins-de-Napierville,Hemmingford,,,,Quebec,Canada,2023-09-14,TRUE,,,,,,,,,,,,
,,,ArmDKMFIvlqTR2u2Kcjg,,,,,,fr,Montréal,Ahuntsic-Cartierville,Montréal,,,,Quebec,Canada,2023-09-15,,,,,,,,,TRUE,,,,
,,,AuBs08odKjmxCUryVWmq,,,,,,fr,Montérégie,Vaudreuil-Soulanges,Coteau Du Lac,,,,Quebec,Canada,2023-09-19,TRUE,,,,,,,,,,,,
,,,mCKuyiXCU4pxAzXeTLqY,,,,,,fr,Montérégie,Roussillon,Saint-Constant,,,,Quebec,Canada,2023-09-19,TRUE,,TRUE,TRUE,TRUE,,,,,,,,
,,,0YqogYyZYUbd5M4JMbzL,,,,,,fr,Chaudière-Appalaches,Bellechasse,Saint-Michel-De-Bellechasse,,,,Quebec,Canada,2023-09-20,TRUE,,,,,,,,,,,,
,,,iA8ma7Gjdh8DT0fekmTU,,,,,,fr,Bas-Saint-Laurent,Rivière-du-Loup,Saint-Arsène,,,,Quebec,Canada,2023-09-30,,,,,,,,,TRUE,,,,
,,,JUKSJr2fwNWFtZte4wJC,,,,,,en,Estrie,La Haute-Yamaska,Shefford,,,,Quebec,Canada,2023-10-04,,,,,,,,,,,TRUE,,
,,,W3nSdESoH4cVnoahtPlU,,,,,,fr,Montérégie,Les Jardins-de-Napierville,Saint-Michel,,,,Quebec,Canada,2023-10-07,TRUE,,,,,,,,,,,,
,,,fO7z0MBcn0iPfDXmYWgM,,,,,,fr,Estrie,Brome-Missisquoi,Bromont,,,,Quebec,Canada,2023-10-08,TRUE,,,,,,,,,,,,
,,,Ie1S36Ed1UyFxMic4teL,,,,,,fr,Centre-du-Québec,L'Érable,Princeville ,,,,Quebec,Canada,2023-10-09,TRUE,,,,,,,,,,,,
,,,EftWmbvkSjS4JD25HMIQ,,,,,,fr,Montréal,Ville-Marie,Montréal,,,,Quebec,Canada,2023-10-17,TRUE,,,,,,,,,,,,
,,,rF0gmIWM1wyn8Fahnkf1,,,,,,fr,Chaudière-Appalaches,Beauce-Sartigan,Saint-Côme-Linière,,,,Quebec,Canada,2023-10-23,TRUE,,,,,,,,,,,,
,,,gafuOA1cJjiiTc0AyLIU,,,,,,fr,Chaudière-Appalaches,Bellechasse,Saint-Henri,,,,Quebec,Canada,2023-10-28,TRUE,,TRUE,,,,,,,,,,
,,,kAD8Jbzkuox8OIUhBWPB,,,,,,fr,Chaudière-Appalaches,Bellechasse,St-Vallier,,,,Quebec,Canada,2023-10-30,TRUE,,,,,,,,,,,,
,,,3I2AsuXKITW1QbRuZYim,,,,,,fr,Outaouais,Papineau,St-Andre-Avellin,,,,Quebec,Canada,2023-10-30,TRUE,,TRUE,,,,,,,,,,
,,,pC86B1XUODkDLNmH6QPi,,,,,,fr,Montérégie,Roussillon,Delson,,,,Quebec,Canada,2023-11-03,,,TRUE,,,,,,,,,,
,,,rYR8A6FMEmBgqq5SImTW,,,,,,fr,Chaudière-Appalaches,Montmagny,Cap-St-Ignace,,,,Quebec,Canada,2023-11-04,TRUE,,,,,,,,,,,,
,,,oVopEtQYLruFGmX5PfXI,,,,,,fr,Lanaudière,D'Autray,St-Ignace-Loyola,,,,Quebec,Canada,2023-11-07,TRUE,,,,,,,,,,,,
,,,xGNS1Y74Ly2JvNsmnbFJ,,,,,,fr,Chaudière-Appalaches,Robert-Cliche,Beauceville,,,,Quebec,Canada,2023-11-08,TRUE,,,,,,,,,,,,
,,,4WhiBplNtQuwhON5ItGR,,,,,,fr,Chaudière-Appalaches,Les Appalaches,Saint-Pierre De Broughton,,,,Quebec,Canada,2023-11-10,TRUE,,,,,,,,,,,,
,,,LiDPdExALidvCWdtRjGk,,,,,,fr,Capitale-Nationale,Portneuf,Cap-Santé,,,,Quebec,Canada,2023-11-17,TRUE,,,,,,,,,,,,
,,,SDtlrSyADfCvIfE9cjB8,,,,,,fr,Côte-Nord,Manicouagan,Pointe-Aux-Outardes ,,,,Quebec,Canada,2023-11-23,,TRUE,TRUE,,,,,,,,,,
,,,QdGu3ezLgtroI6fOnHdu,,,,,,fr,Côte-Nord,Manicouagan,Baie-Comeau ,,,,Quebec,Canada,2023-11-23,TRUE,,TRUE,,,,,,,,,,
,,,lj35MpZM0yHcmX4J0QDS,,,,,,fr,Montréal,LaSalle,Lasalle,,,,Quebec,Canada,2023-11-24,TRUE,,TRUE,,,,,,,TRUE,,,TRUE
,,,x6pQaYQQbv94S57JOZ5W,,,,,,fr,Montérégie,Les Jardins-de-Napierville,Saint-Edouard-De-Napierville,,,,Quebec,Canada,2023-12-04,,,TRUE,,,,,,,,,,TRUE
,,,gR7vhPqsgTBZmkLTSvKk,,,,,,fr,Capitale-Nationale,Portneuf,Pont-Rouge,,,,Quebec,Canada,2023-12-04,TRUE,,,,,,,,,,,,
,,,lF90ZMow1Ia18kUXLqFD,,,,,,fr,Laurentides,Deux-Montagnes,St-Jospeh-du-Lac,,,,Quebec,Canada,2023-12-04,TRUE,,,,,,,,,,,,
,,,ICdLcRFXXhT8ufiDLbKQ,,,,,,fr,Montérégie,Roussillon,St-Constant,,,,Quebec,Canada,2023-12-07,,,,TRUE,,,,,,,,,
,,,sxNHjyOgRb9GQlNMsEQe,,,,,,fr,Centre-du-Québec,Arthabaska,Sainte-Clotilde-de-Horton,,,,Quebec,Canada,2023-12-13,TRUE,,TRUE,,,,,,,,,,
,,,YULaPuyC3wAeQYdHRSYd,,,,,,fr,Laurentides,Argenteuil,Lachute,,,,Quebec,Canada,2023-12-18,TRUE,,TRUE,,,,,,,,,,
,,,Cl84ljFgZwWxfWx5prQE,,,,,,fr,Montérégie,Roussillon,St-Isidore,,,,Quebec,Canada,2023-12-21,,,,,,,,,,,TRUE,TRUE,
,,,Dt1b7UBiABmUnxJmSEBt,,,,,,fr,Lanaudière,Matawinie,Rawdon ,,,,Quebec,Canada,2023-12-22,,TRUE,,TRUE,,,,,,,,,
,,,ouquxh8rV0nZczF6gRf4,,,,,,fr,Montérégie,Le Haut-Richelieu,Mont-Saint-Grégoire,,,,Quebec,Canada,2024-01-11,,,,,,,,,,,TRUE,,
,,,5Zo24Rl2qNe2ciUhH3Wr,,,,,,fr,Montérégie,Les Maskoutains,Saint-Hugues,,,,Quebec,Canada,2024-01-11,TRUE,,TRUE,,,,,,TRUE,,,,
,,,SdLidegtFm9LmPAfZys4,,,,,,fr,Chaudière-Appalaches,Beauce-Sartigan,Saint-Georges,,,,Quebec,Canada,2024-01-11,TRUE,,,,,,,,,,,,
,,,rl60a76L8OD6OlGh0YxA,,,,,,fr,Outaouais,Papineau,Namur,,,,Quebec,Canada,2024-01-16,TRUE,,,,,,,,,,,,
,,,lyAVhJB5hKl00JDu12bj,,,,,,fr,Outaouais,MRC Vallée-de-la-Gatineau,Gracefield,,,,Quebec,Canada,2024-01-24,TRUE,,,,,,,,,,,,
,,,OpVA190W04TKomPUbZrb,,,,,,fr,Chaudière-Appalaches,Bellechasse,St-Anselme,,,,Quebec,Canada,2024-01-30,TRUE,,,,,,,,,,,,
,,,ha8F7xLa7yXdU9sP39jw,,,,,,fr,Bas-Saint-Laurent,Les Basques,Notre-Dame-Des-Neiges,,,,Quebec,Canada,2024-01-30,TRUE,,,,,,,,,,,,
,,,1hRVmhklGKFRhRQkTvAk,,,,,,fr,Montérégie,Le Haut-Richelieu,Mont-saint-Grégoire,,,,Quebec,Canada,2024-02-03,TRUE,,TRUE,,,,,,,,,,
,,,cX9xnggHELpK7JChIFKN,,,,,,fr,Centre-du-Québec,Drummond,Saint-Germain-de-Grantahm,,,,Quebec,Canada,2024-02-08,,TRUE,,,,,,,,,,,
,,,Bg0H4yAlEqVlkXWO3HdK,,,,,,fr,Bas-Saint-Laurent,Kamouraska,La Pocatière,,,,Quebec,Canada,2024-02-12,,,TRUE,,,,,,,,,,
,,,yNzoZOBT6QBywTR9CO8w,,,,,,fr,Bas-Saint-Laurent,Rivière-du-Loup,Saint-Cyprien,,,,Quebec,Canada,2024-02-16,TRUE,,,,,,,,,,,,
,,,uudtKxdHTrn86Dhv7vdc,,,,,,fr,Capitale-Nationale,Portneuf,Neuville,,,,Quebec,Canada,2024-02-23,TRUE,,,,,,,,,,,,
,,,CDbT1iRlBpnA3EwhZw9x,,,,,,fr,Montréal,Rosemont - La Petite-Patrie,Montréal,,,,Quebec,Canada,2024-02-24,TRUE,,,,TRUE,,,,,,,,
,,,Ui6EcVaCx6hKHF6awg0D,,,,,,fr,Chaudière-Appalaches,L'Islet,Saint-Jean-Port-Joli,,,,Quebec,Canada,2024-02-26,TRUE,,TRUE,,TRUE,,,,,,,,
,,,LHwtkbRdbU58GNejgVWA,,,,,,fr,Estrie,Le Val-Saint-François,Weedon,,,,Quebec,Canada,2024-02-27,,TRUE,,,,,,,,,,,
,,,EGNGCKg8YAcr7MEnJSwu,,,,,,fr,Estrie,Brome-Missisquoi,Bolton-Ouest,,,,Quebec,Canada,2024-03-03,TRUE,TRUE,,,,,,,,,,,
,,,LbkU1S3uP1Ef3SBeG9Sv,,,,,,fr,Capitale-Nationale,Québec,St-augustin de desmaures,,,,Quebec,Canada,2024-03-04,TRUE,,,,,,,,,,,,
,,,eoOm6Az18IRr9UiA00FJ,,,,,,fr,Outaouais,Papineau,St-André-Avellin,,,,Quebec,Canada,2024-03-19,TRUE,,,,,,,,,,,,
,,,Si411VWZXVaQPJkUjWAR,,,,,,fr,Montréal,Ahuntsic-Cartierville,Montréal,,,,Quebec,Canada,2024-03-29,,,,,,,,TRUE,,,,,
,,,j8vRte6kEnWWfTaM4WOz,,,,,,fr,Montérégie,Les Jardins-de-Napierville,Saint-Cyprien-De-Napierville,,,,Quebec,Canada,2024-04-08,TRUE,,TRUE,TRUE,,,,,,,,,
,,,WPLb7U9jYp90UTD3GeMU,,,,,,fr,Montérégie,La Vallée-du-Richelieu,Saint-Denis-sur-Richelieu ,,,,Quebec,Canada,2024-04-10,TRUE,,,,,,,,,,,,
,,,xMDZ1gZLDt4DYbCSjduE,,,,,,fr,Montréal,Pierrefonds - Roxboro,Pierrefonds,,,,Quebec,Canada,2024-04-17,TRUE,,,,,,,,,,,,
,,,TDFz3snAKWGUjkhVys9R,,,,,,fr,Estrie,Brome-Missisquoi,Stanbridge East,,,,Quebec,Canada,2024-04-21,TRUE,,,,,,,,,,,,
,,,UA1eW4yiKkPRmSi6d7qn,,,,,,fr,Capitale-Nationale,Québec,Quebec,,,,Quebec,Canada,2024-04-22,,,,,,,,,,TRUE,TRUE,,
,,,M1NMwWol0dexYfm4jDRw,,,,,,fr,Montérégie,Beauharnois-Salaberry,Beauharnois ,,,,Quebec,Canada,2024-04-29,TRUE,TRUE,TRUE,TRUE,TRUE,TRUE,TRUE,TRUE,TRUE,TRUE,,,
,,,m7nKteNREbhWY2R2VgwM,,,,,,fr,Montérégie,Vaudreuil-Soulanges,Vaudreuil-Dorion,,,,Quebec,Canada,2024-04-29,TRUE,TRUE,TRUE,TRUE,TRUE,TRUE,TRUE,TRUE,TRUE,,,,
,,,ITfsxXZtCiKCjuxnXJJb,,,,,,fr,Montérégie,Les Jardins-de-Napierville,Napierville,,,,Quebec,Canada,2024-04-29,TRUE,TRUE,TRUE,TRUE,TRUE,TRUE,TRUE,TRUE,TRUE,,,,
,,,5Byh4mryxXeSKa1izJ86,,,,,,fr,Lanaudière,Matawinie,St-Zénon,,,,Quebec,Canada,2024-04-30,TRUE,,,,,,,,,,,,
,,,PBVZ6HqwvHjmkmM2VTGS,,,,,,fr,Montérégie,Les Maskoutains,Ste-Marie-Madeleine,,,,Quebec,Canada,2024-04-30,TRUE,,,,,,,,,,,,
,,,tfy8BrEztg71CTdrBdr7,,,,,,fr,Abitibi-Témiscamingue,,Senneterre,,,,Quebec,Canada,2024-05-01,,,,,,,TRUE,,,,,,
,,,13VItINFG6B05fU05TSN,,,,,,fr,Montérégie,Vaudreuil-Soulanges,Cotrau-du-lac,,,,Quebec,Canada,2024-05-06,,,,,,,,,,,,TRUE,
,,,Wg0Ey5tINc9Me5HiUNxF,,,,,,fr,Capitale-Nationale,Charlevoix,Les Éboulements ,,,,Quebec,Canada,2024-05-08,TRUE,,TRUE,,,,TRUE,,TRUE,,,,
,,,WdvzZu1WAGiQG9vWBelF,,,,,,fr,Estrie,Sherbrooke,Sherbrooke ,,,,Quebec,Canada,2024-05-14,,,TRUE,,,,,,,,,,
,,,hGJxqoT0B35ADXe0CGso,,,,,,fr,Montérégie,Acton,saint-nazaire d'acton,,,,Quebec,Canada,2024-05-14,TRUE,,,,,,,,,,,,
,,,VvX98ezKXJjQDR5yKBsW,,,,,,fr,Estrie,Le Val-Saint-François,Lawrenceville ,,,,Quebec,Canada,2024-05-22,,TRUE,,,,,,,,,,,
,,,HBhRx4s8QduaiTGgHKHu,,,,,,fr,Chaudière-Appalaches,Robert-Cliche,Saint-Frédéric,,,,Quebec,Canada,2024-05-27,,TRUE,,,,,,,,,,,
,,,AyVANg7cCFDmGTDPZ2N3,,,,,,fr,Capitale-Nationale,Charlevoix,Les eboulements,,,,Quebec,Canada,2024-05-29,TRUE,,TRUE,,,,,,TRUE,,,,
,,,rw3jmULKlrXyyt0LY3iI,,,,,,fr,Montérégie,Beauharnois-Salaberry,St-Stanislas de Kostka,,,,Quebec,Canada,2024-06-11,TRUE,,,,,,,,,,,,
,,,JVisiNUrbEZC6XQIQIYk,,,,,,fr,Laurentides,Deux-Montagnes,Saint-Eustache,,,,Quebec,Canada,2024-06-11,TRUE,,,,,,,,,,,,
,,,gZvsPBPVrEUJyQMZKnuH,,,,,,fr,Montérégie,Beauharnois-Salaberry,Saint urbain premier,,,,Quebec,Canada,2024-06-27,,,,,,,,,,,TRUE,,
,,,MMHySUNO65dxp7t8buNb,,,,,,fr,Montérégie,Beauharnois-Salaberry,Salaberry-de-Valleyfield,,,,Quebec,Canada,2024-06-29,TRUE,,,,,,,,,,,,
,,,WgOhQJPcBq2QGYRsfCM9,,,,,,en,Montérégie,Vaudreuil-Soulanges,Rigaud,,,,Quebec,Canada,2024-07-05,,,TRUE,,,,,,,,,,
,,,mLdPGUvxn3A9XOrIJJB8,,,,,,fr,Outaouais,,Sainte-Thérèse-de-la-Gatineau,,,,Quebec,Canada,2024-07-10,TRUE,,TRUE,,,,,,,,,,
,,,DFhQdwcyz9O0DoTYZvCC,,,,,,fr,Estrie,La Haute-Yamaska,Granby ,,,,Quebec,Canada,2024-07-17,TRUE,,,,,,,,,,,,
,,,bwfliMZpVe6qN86Cs8AG,,,,,,fr,Montérégie,Rouville,St-Paul-d'Abbotsford,,,,Quebec,Canada,2024-07-17,TRUE,,,,,,,,,,,,
,,,h3aE73lX1hSM04y5YFZT,,,,,,fr,Centre-du-Québec,Nicolet-Yamaska,st-wenceslas,,,,Quebec,Canada,2024-07-19,TRUE,,,,,,,,,,,,
,,,fvL3Jvd2i1SxoixJBWWg,,,,,,fr,Laval,Laval,Laval,,,,Quebec,Canada,2024-07-23,TRUE,,TRUE,,,,,,,,,,
,,,3tpra56gadKgphUrg0WS,,,,,,fr,Montérégie,Les Jardins-de-Napierville,Hemmingford,,,,Quebec,Canada,2024-07-24,,,,,,,,,,TRUE,TRUE,,
,,,4Ihcn7amZRQUGyQfAfHl,,,,,,fr,Chaudière-Appalaches,La Nouvelle-Beauce,St-Elzéar,,,,Quebec,Canada,2024-07-30,TRUE,,,,,,,,,,,,
,,,48upSFIpOKjRySTeV5vq,,,,,,fr,Estrie,Brome-Missisquoi,Bolton-Ouest,,,,Quebec,Canada,2024-08-10,,TRUE,,TRUE,,,,,,,,,
,,,upMrEAyZr1OLIJOYEWhP,,,,,,fr,Montérégie,Beauharnois-Salaberry,Valleyfield,,,,Quebec,Canada,2024-08-13,,,,,,,,,,TRUE,,,
,,,5ZlkjLfyz9HiD6HSjTrD,,,,,,fr,Laval,Laval,Laval,,,,Quebec,Canada,2024-08-13,TRUE,,TRUE,,,,,,,,,,
,,,Wjz3prkLchn8uZ16a1bp,,,,,,fr,Centre-du-Québec,Arthabaska,Grondines,,,,Quebec,Canada,2024-08-16,TRUE,,TRUE,TRUE,,,,,,,,,
,,,ClfKlSt1XlOMIbXxsXEy,,,,,,fr,Gaspésie--Îles-de-la-Madeleine,Avignon,pointe a la croix,,,,Quebec,Canada,2024-08-22,TRUE,,,,,,,,,,,,
,,,LKsUKYbQnCOCKiGos0Jf,,,,,,fr,Laurentides,Les Pays-d'en-Haut,Piedmont,,,,Quebec,Canada,2024-09-16,TRUE,TRUE,,TRUE,,TRUE,TRUE,,TRUE,,,,
,,,k0IDXVAK8uGuLDfOFbMB,,,,,,fr,Laval,Laval,Laval,,,,Quebec,Canada,2024-09-16,TRUE,,TRUE,,,,,,,,,,TRUE
,,,pl1uikmVqViH1AFT1DAL,,,,,,fr,Chaudière-Appalaches,Lotbinière, Saint Apollinaire,,,,Quebec,Canada,2024-09-17,,TRUE,TRUE,,,,,,,,,,
,,,duIY1C0pj9sfgMobmDY4,,,,,,fr,Estrie,Le Val-Saint-François,Saint-François-Xavier-de-Brompton,,,,Quebec,Canada,2024-09-17,TRUE,,,,,,,,,,,,
,,,l5ZAnRlxngZE3cVna3dN,,,,,,fr,Montréal,Le Plateau-Mont-Royal,Montréal,,,,Quebec,Canada,2024-09-17,,,TRUE,,,,,,,,,,
,,,1Ojq5rWVf38zztUPkVaZ,,,,,,fr,Centre-du-Québec,Arthabaska,Saint-Samuel,,,,Quebec,Canada,2024-09-17,TRUE,,,,,,,,,,,,
,,,VFM7c7IZAbG8K361DPIC,,,,,,fr,Saguenay--Lac-Saint-Jean,Saguenay,La baie,,,,Quebec,Canada,2024-09-17,TRUE,,TRUE,,,,,,,,,,
,,,s6q1nOu64ZNgjGMc1INk,,,,,,fr,Montérégie,La Vallée-du-Richelieu,Saint-Charles-sur-Richelieu,,,,Quebec,Canada,2024-09-20,TRUE,,,,,,,,,,,,
,,,NIMqAIBIp2joreCtKXEv,,,,,,fr,Bas-Saint-Laurent,Kamouraska,Saint-Germain-de-Kamouraska,,,,Quebec,Canada,,TRUE,,TRUE,,,,,,,,,,
,,,dCFtkHpxSWjYKWtlf6Dt,,,,,,fr,Estrie,Le Val-Saint-François,St-Claude,,,,Quebec,Canada,,TRUE,,,,,,,,,,,,
,,,OhRjEufZaCbBsHrFtLut,,,,,,fr,Côte-Nord,Manicouagan,Pointe-Lebel,,,,Quebec,Canada,,,,TRUE,,,,,,,,,,
,,,WpDyQjrhvE59JEz7QxL1,,,,,,fr,Chaudière-Appalaches,Montmagny,Montmagny,,,,Quebec,Canada,2024-09-22,,,TRUE,,,,,,,,,,
,,,LgESsuKJwjpJpeOHDikb,,,,,,fr,Bas-Saint-Laurent,Rimouski-Neigette,saint-valerien,,,,Quebec,Canada,2024-09-24,TRUE,,,,,,,,,,,,
,,,zPE1PYHccE6PTyP9ksmY,,,,,,fr,Chaudière-Appalaches,Lotbinière,ST-NARCISSE-DE-BEAURIVAGE,,,,Quebec,Canada,2024-09-25,TRUE,,,,,,,,,,,,
,,,PfncT8DkJffjQ8Yh4bKA,,,,,,fr,Saguenay--Lac-Saint-Jean,Le Fjord-du-Saguenay,St-Félix-d'Otis,,,,Quebec,Canada,2024-09-25,TRUE,TRUE,,,,,,,,,,,
,,,ixWXSuvH7G0VFGD4UaHp,,,,,,fr,Chaudière-Appalaches,Robert-Cliche,SAINT-JOSEPH-DE-BEAUCE,,,,Quebec,Canada,2024-09-25,TRUE,,,,,,,,,,,,
,,,holP5fh4SMfI1JisjKsd,,,,,,fr,Saguenay--Lac-Saint-Jean,,CHAMBORD,,,,Quebec,Canada,2024-09-25,TRUE,,,,,,,,,TRUE,,,
,,,OEYp4srRa2hhPEAOceYD,,,,,,fr,Chaudière-Appalaches,Lotbinière,Saint-Antoine-de-Tilly,,,,Quebec,Canada,2024-09-26,TRUE,,TRUE,,,,,,,TRUE,TRUE,,
,,,ZYOS2W4UrDS7cCA4snPw,,,,,,fr,Montérégie,Le Haut-Richelieu,Mont-saint-Grégoire,,,,Quebec,Canada,2024-09-26,TRUE,,,,,,,,,,,,
,,,mwYSJPSqT6TjlHnfexEs,,,,,,fr,,,Ottawa,,,,Ontario,Canada,2024-09-27,TRUE,,,,,,,,,TRUE,,,
,,,17bTmSVxuyBsU8DScT52,,,,,,fr,Estrie,Brome-Missisquoi,Saint-Ignace-de-Stanbridge,,,,Quebec,Canada,2024-09-27,TRUE,,,,,,,,,,,,
,,,1OBru6UEE2NlLD5Q1bpT,,,,,,fr,Lanaudière,Montcalm,St-Jacques,,,,Quebec,Canada,2024-10-05,TRUE,,,,,,,,,,,,
,,,IFMGRQApEIRxDuQ5dExd,,,,,,fr,Chaudière-Appalaches,Lévis,lévis,,,,Quebec,Canada,2024-10-06,,,,,,TRUE,,,,,,,
,,,xm6q2mGYCGxOaXGmJwSp,,,,,,fr,Montérégie,Pierre-De Saurel,Sorel-Tracy,,,,Quebec,Canada,2024-10-09,,,TRUE,,,,,,,,,,
,,,xNTYNTGqfjjqkGC2tEU0,,,,,,fr,Montréal,Ahuntsic-Cartierville,montreal,,,,Quebec,Canada,2024-10-13,,TRUE,,,,,,,,,,,
,,,mHLMkRNcrWsbFeaJWMuI,,,,,,fr,Saguenay--Lac-Saint-Jean,,Dolbeau-Mistassini,,,,Quebec,Canada,2024-10-15,,,TRUE,,,,,,,,,,
,,,0h7w2tQ1bOl935aDYVvW,,,,,,fr,Outaouais,Gatineau,Gatineau,,,,Quebec,Canada,2024-10-15,TRUE,,TRUE,,,,,,,TRUE,,,
,,,R3OrJIYwwSzU2XU4YQsC,,,,,,fr,Saguenay--Lac-Saint-Jean,,St-Andre du lac st-Jean,,,,Quebec,Canada,2024-10-16,TRUE,,TRUE,,,,,,,,,,
,,,I7Rw7GNfPTSaUdpzJ24f,,,,,,fr,Outaouais,,Maniwaki,,,,Quebec,Canada,2024-10-16,TRUE,TRUE,TRUE,TRUE,TRUE,TRUE,TRUE,TRUE,TRUE,TRUE,TRUE,TRUE,TRUE
,,,80QxfJkqDaI4n3xEHmSe,,,,,,fr,Montérégie,Rouville,Marieville,,,,Quebec,Canada,2024-10-17,TRUE,,,,,,,,,,,,
,,,zubnJnj66Wh4050LzvUj,,,,,,en,Montérégie,Vaudreuil-Soulanges,Hudson,,,,Quebec,Canada,2024-10-21,TRUE,,,,,,,,,,,,
,,,PhrcPpeZ29XpTXJ5tq9G,,,,,,fr,Saguenay--Lac-Saint-Jean,,Saint-Félicien,,,,Quebec,Canada,2024-10-21,,,TRUE,,,,,,,,,,
,,,D76P95mw8Y9athWJMZdP,,,,,,fr,Montréal,Le Plateau-Mont-Royal,Montréal,,,,Quebec,Canada,2024-10-21,,,,,TRUE,,,,,,,,
,,,Ji4wA21QUSZf8G2KYhdu,,,,,,fr,Estrie,Brome-Missisquoi,East Farnham,,,,Quebec,Canada,2024-10-23,TRUE,,,,,,,,,,,,
,,,6anJFIVQ9mCpXneVg66V,,,,,,fr,Montérégie,Les Jardins-de-Napierville,saint Edouard ,,,,Quebec,Canada,2024-10-24,,,,,,,,,TRUE,,,,
,,,3F5ycVx6yh7vzHWZNJTi,,,,,,fr,Montérégie,Les Jardins-de-Napierville,Hemmingford,,,,Quebec,Canada,2024-10-24,TRUE,TRUE,TRUE,,,,,,,,,,
,,,H1nbgxQ1pEV3guayB9wT,,,,,,fr,Montréal,LaSalle,LaSalle,,,,Quebec,Canada,2024-10-25,TRUE,,TRUE,,,,,,,TRUE,,,
,,,ANRpPHe7hVFs337BhcVF,,,,,,fr,Montérégie,Longueuil,LONGUEUIL,,,,Quebec,Canada,2024-10-25,,,TRUE,,,,,,,,,,
,,,i9gSl2aoojNnojdVdhfn,,,,,,fr,Capitale-Nationale,Charlevoix,Les Éboulements,,,,Quebec,Canada,2024-10-27,TRUE,,TRUE,,,,,,,,,,
,,,H8cZvhbySuNJSC97QS5N,,,,,,fr,Lanaudière,Les Moulins,Terrebonne,,,,Quebec,Canada,2024-10-29,TRUE,,,,,,,,,,,,
,,,HSetM2IMk7mC3MYznwsC,,,,,,fr,Montérégie,Vaudreuil-Soulanges,Saint-Polycarpe,,,,Quebec,Canada,2024-10-30,TRUE,,TRUE,,,,,,,TRUE,,,TRUE
,,,bmj1ypkSfivzXauxetAO,,,,,,fr,Chaudière-Appalaches,Bellechasse,Saint-Nérée-de-Bellechasse ,,,,Quebec,Canada,,TRUE,TRUE,,,,,,,,,,,
,,,c1jTmRuIffGzn7V6FYWI,,,,,,fr,Estrie,Les Sources,Danville,,,,Quebec,Canada,2024-11-04,,TRUE,TRUE,,,,,,,,,,
,,,kV6OHRH0S3BeCo7kStDm,,,,,,fr,Estrie,La Haute-Yamaska,Ste-Cecile-de-milton,,,,Quebec,Canada,2024-11-04,TRUE,,,,,,,,,,,,
,,,05ZiXkztxuUqxLt4UOwW,,,,,,fr,Chaudière-Appalaches,Lotbinière,Dosquet,,,,Quebec,Canada,2024-11-05,TRUE,,,,,,,,,,,,
,,,KkXVGTyO09x5AnO01gnX,,,,,,fr,Lanaudière,Montcalm,Saint-Lin - Laurentides,,,,Quebec,Canada,2024-11-06,TRUE,,TRUE,,,,,,,,,,
,,,ylHxQDFU6WXre5D3NNrt,,,,,,fr,Outaouais,,Déléage ,,,,Quebec,Canada,2024-11-08,,,TRUE,,,,,,,,,,
,,,fnFahtvD62YYfZxixbsm,,,,,,fr,Estrie,La Haute-Yamaska,Granby (QC),,,,Quebec,Canada,,TRUE,,,,,,,,,,,,
,,,T4DsDWJyRwQAMgINwFxF,,,,,,fr,Montérégie,Le Haut-Richelieu,saint alexandre d'iberville,,,,Quebec,Canada,2024-11-12,,,TRUE,,,,,,,,,,
,,,Zj8JXBB6kitUzIM9KtSC,,,,,,fr,Estrie,Brome-Missisquoi,Frelighsburg,,,,Quebec,Canada,2024-11-13,TRUE,,,TRUE,,,TRUE,,TRUE,,,,TRUE
,,,0bksz8TitSIXhdzGcRDe,,,,,,fr,Estrie,Coaticook,East Hereford,,,,Quebec,Canada,2024-11-13,,,,,,,,TRUE,,,,,
,,,iVZwQEwE36qfqrZfGmtn,,,,,,fr,Montréal,Ahuntsic-Cartierville,Montreal,,,,Quebec,Canada,2024-11-14,TRUE,,,,,,,,,,,,
,,,i1gfkJ45TJ1XXr7U1zXw,,,,,,fr,Lanaudière,D'Autray,Saint-Gabriel-de-Brandon,,,,Quebec,Canada,2024-11-15,TRUE,,TRUE,,,,,,,,,,
,,,GzOo2Ym9cHGICIBrxG5a,,,,,,fr,Lanaudière,Les Moulins,Mascouche ,,,,Quebec,Canada,2024-11-15,TRUE,,TRUE,,,,,,,,,,
,,,4xxhkQOO42Rm5AlaBwrB,,,,,,fr,Montréal,Le Plateau-Mont-Royal,Montreal,,,,Quebec,Canada,2024-11-15,,,TRUE,,,,,,,,,,TRUE
,,,1XwjJIXt5jt83ElmkaLI,,,,,,fr,Capitale-Nationale,Québec,St-Augustin-de-Desmaures,,,,Quebec,Canada,2024-11-18,,TRUE,,,,,,,,,,,
,,,flvweNlQndqbnS2SsDNt,,,,,,fr,Montérégie,Longueuil,Brossard,,,,Quebec,Canada,2024-11-18,,,,,,,,,,,TRUE,,
,,,TW8wkLYJVvrIKaRoPlW1,,,,,,fr,Saguenay--Lac-Saint-Jean,Le Fjord-du-Saguenay,St-Fulgence,,,,Quebec,Canada,,TRUE,,,,,,,,,,,,
,,,qRif5f2ERh0UPbI94Duv,,,,,,fr,Estrie,Brome-Missisquoi,abercorn,,,,Quebec,Canada,2024-11-20,TRUE,,TRUE,TRUE,,,TRUE,,,TRUE,TRUE,TRUE,TRUE
,,,yX4zDACVk1jBHsgn1UZx,,,,,,fr,Laurentides,,"Mont-Laurier, Canada",,,,Quebec,Canada,2024-11-22,TRUE,,TRUE,TRUE,,,,,,,,,
,,,4Ewy9H5dxaNHOzg7jnHD,,,,,,fr,Estrie,Brome-Missisquoi,Dunham,,,,Quebec,Canada,2024-11-25,TRUE,,TRUE,,,,,,,,,,
,,,S0MOOv2n9Exw5mMcSKZT,,,,,,fr,Montérégie,Les Maskoutains,St-Bernard de Michaudville,,,,Quebec,Canada,2024-11-25,,TRUE,,,,,,,,,,,
,,,p9KH20qJth55qPLgAAWX,,,,,,fr,Estrie,Brome-Missisquoi,St-Armand,,,,Quebec,Canada,2024-11-26,TRUE,,,,,,,,,,,,
,,,AdEM8wQwHucMS85E0vtK,,,,,,fr,Laval,Laval,Laval,,,,Quebec,Canada,2024-11-27,TRUE,,,,,,,,,,,,
,,,KYjhLPshvHr0aMaWi1Il,,,,,,fr,Centre-du-Québec,L'Érable,Inverness ,,,,Quebec,Canada,2024-11-30,TRUE,TRUE,,TRUE,,,,,,,,,
,,,DRDM55KCRs6yPwna5kRH,,,,,,fr,Montérégie,La Vallée-du-Richelieu,Saint-Mathieu-de-Beloeil,,,,Quebec,Canada,,,TRUE,TRUE,,,,,,,,,,
,,,aFo9VhQ2RjZJxldcRH8t,,,,,,fr,Estrie,Brome-Missisquoi,Frleighsburg,,,,Quebec,Canada,2024-12-04,TRUE,,TRUE,,,,,,,,,,
,,,PpsMl3CIz54e0qTNEpWu,,,,,,fr,Montérégie,Les Jardins-de-Napierville,Sherrington,,,,Quebec,Canada,2024-12-06,TRUE,,,,,,,,,,,,
,,,G6A2HNupuktDaeOXH3ld,,,,,,fr,Lanaudière,Montcalm,Ste-Julienne,,,,Quebec,Canada,2024-12-07,TRUE,,,,,,,,,,,,
,,,LlzqSJ115pCMadbH1w1z,,,,,,fr,Gaspésie--Îles-de-la-Madeleine,Avignon,listuguj,,,,Quebec,Canada,,,,,,,,,TRUE,,,,,
,,,Wce7MhSYuTb86vLk7CKR,,,,,,fr,Capitale-Nationale,Québec,Québec,,,,Quebec,Canada,2024-12-11,,,TRUE,,,,,,,,,,
,,,09cyTX9cIEPTaQ2RpVKh,,,,,,fr,Estrie,Coaticook,Coaticook,,,,Quebec,Canada,2024-12-13,,,,,TRUE,,,,,,,,
,,,DTHH1w0vDwgZmfGGcAas,,,,,,fr,Capitale-Nationale,Québec,QUEBEC,,,,Quebec,Canada,,TRUE,,TRUE,,,,TRUE,,,,,,
,,,WH9Rltni5hycxk589n2y,,,,,,fr,Laval,Laval,Laval,,,,Quebec,Canada,2024-12-18,,,TRUE,,,,,,,,,,
,,,XVisDgxe7TkZZ5UHF7mL,,,,,,en,Montérégie,Vaudreuil-Soulanges,Les Cèdres,,,,Quebec,Canada,,TRUE,,,,,,,,,,,,
,,,jMHfxGV2UyqSWKQPeBoL,,,,,,fr,Capitale-Nationale,L'Île-d'Orléans,st-jean-ile d'Orélan,,,,Quebec,Canada,2025-01-09,TRUE,,,,,,,,,,,,
,,,4IVZmT4sshe3at7dVwwp,,,,,,fr,Centre-du-Québec,L'Érable,Inverness,,,,Quebec,Canada,2025-01-09,TRUE,TRUE,TRUE,TRUE,,,,,,,,,
,,,7QqGd1JtiOPUHvcbP1n9,,,,,,fr,Montréal,Rosemont - La Petite-Patrie,Montréal,,,,Quebec,Canada,2025-01-10,,,,,,,,,,TRUE,,,
,,,Z1N5n5ISo43J0GAblIP4,,,,,,fr,Centre-du-Québec,Arthabaska,Tingwick,,,,Quebec,Canada,2025-01-13,TRUE,,TRUE,,,,,,,,,,
,,,SvCqBaquChaN3XSxZa5D,,,,,,fr,Chaudière-Appalaches,Lévis,Lévis,,,,Quebec,Canada,2025-01-13,,TRUE,,,,,,,,,,,
,,,FxhVeUldUkkNXPiW3IkP,,,,,,fr,Capitale-Nationale,Charlevoix,Baie-Saint-Paul,,,,Quebec,Canada,2025-01-13,,,,,,,,,,,TRUE,,
,,,XGY1yhJ2goEtAtwfpOl5,,,,,,fr,Montérégie,Les Jardins-de-Napierville,Saint-Rémi,,,,Quebec,Canada,2025-01-13,,,TRUE,,,,,,,,,,
,,,8M9VWb4OWiE7Ry2lCjoW,,,,,,fr,Montérégie,Vaudreuil-Soulanges,St-Polycarpe,,,,Quebec,Canada,2025-01-13,TRUE,,,,,,,,,,,,
,,,FVNZMDwyMApm0HuKv6Wx,,,,,,fr,Estrie,Brome-Missisquoi,Frelighsburg,,,,Quebec,Canada,2025-01-14,TRUE,,,,,,,,,TRUE,,,
,,,C5UeBg5WJ0hTLaMEy6Sr,,,,,,fr,Bas-Saint-Laurent,La Mitis,Sainte-Angèle-De-Mérici,,,,Quebec,Canada,2025-01-15,,,TRUE,,,,,,,,,,
,,,fJXBqt2tvFM4GzLOCIIw,,,,,,fr,Bas-Saint-Laurent,La Mitis,Sainte-Luce,,,,Quebec,Canada,2025-01-15,,TRUE,,,,,,,,,,,
,,,quik1416WUNk62IVWwim,,,,,,fr,Montréal,Le Sud-Ouest,Montréal,,,,Quebec,Canada,2025-01-15,TRUE,TRUE,TRUE,TRUE,TRUE,TRUE,,TRUE,TRUE,TRUE,,,
,,,iPZz78HlSL5Eior9e2xg,,,,,,fr,Montérégie,Les Maskoutains,St-Pie,,,,Quebec,Canada,2025-01-22,TRUE,,TRUE,TRUE,,,,,,,,,
,,,kDxRvKpI7Bx4c3mmAGkJ,,,,,,fr,Chaudière-Appalaches,Bellechasse,Sainte-CLaire,,,,Quebec,Canada,,TRUE,,,,,,,,,,,,
,,,z6SkJoFFjrZEiDWQRncK,,,,,,en,Laurentides,Argenteuil,Brownsburg-Chatham,,,,Quebec,Canada,2025-01-27,TRUE,,,,,,,,,,,,
,,,m6aM0YZpAseZ1Um71tfh,,,,,,fr,Montréal,Ville-Marie,Montreal,,,,Quebec,Canada,2025-02-06,TRUE,,TRUE,,TRUE,,,,,,,,
,,,7xOaGpkLDdfYpnSpdPyd,,,,,,fr,Lanaudière,Montcalm,St-Lin-Laurentides,,,,Quebec,Canada,2025-02-08,TRUE,,TRUE,,,,TRUE,,,,,,
,,,nNGdTT4Gc3NxA8hdaZqe,,,,,,fr,Outaouais,Papineau,Ripon,,,,Quebec,Canada,2025-02-11,TRUE,,,,,TRUE,,,,,,,